date,home_team,away_team,home_score,away_score,tournament,city,country
13/07/1930,Belgium,United States,0,3,FIFA World Cup,Montevideo,Uruguay
13/07/1930,France,Mexico,4,1,FIFA World Cup,Montevideo,Uruguay
14/07/1930,Brazil,Yugoslavia,1,2,FIFA World Cup,Montevideo,Uruguay
14/07/1930,Peru,Romania,1,3,FIFA World Cup,Montevideo,Uruguay
15/07/1930,Argentina,France,1,0,FIFA World Cup,Montevideo,Uruguay
16/07/1930,Chile,Mexico,3,0,FIFA World Cup,Montevideo,Uruguay
17/07/1930,Bolivia,Yugoslavia,0,4,FIFA World Cup,Montevideo,Uruguay
17/07/1930,Paraguay,United States,0,3,FIFA World Cup,Montevideo,Uruguay
18/07/1930,Uruguay,Peru,1,0,FIFA World Cup,Montevideo,Uruguay
19/07/1930,Argentina,Mexico,6,3,FIFA World Cup,Montevideo,Uruguay
19/07/1930,Chile,France,1,0,FIFA World Cup,Montevideo,Uruguay
20/07/1930,Belgium,Paraguay,0,1,FIFA World Cup,Montevideo,Uruguay
20/07/1930,Bolivia,Brazil,0,4,FIFA World Cup,Montevideo,Uruguay
21/07/1930,Uruguay,Romania,4,0,FIFA World Cup,Montevideo,Uruguay
22/07/1930,Argentina,Chile,3,1,FIFA World Cup,Montevideo,Uruguay
26/07/1930,Argentina,United States,6,1,FIFA World Cup,Montevideo,Uruguay
27/07/1930,Uruguay,Yugoslavia,6,1,FIFA World Cup,Montevideo,Uruguay
30/07/1930,Uruguay,Argentina,4,2,FIFA World Cup,Montevideo,Uruguay
27/05/1934,Argentina,Sweden,2,3,FIFA World Cup,Bologna,Italy
27/05/1934,Austria,France,3,2,FIFA World Cup,Turin,Italy
27/05/1934,Belgium,Germany,2,5,FIFA World Cup,Florence,Italy
27/05/1934,Brazil,Spain,1,3,FIFA World Cup,Genoa,Italy
27/05/1934,Czechoslovakia,Romania,2,1,FIFA World Cup,Trieste,Italy
27/05/1934,Egypt,Hungary,2,4,FIFA World Cup,Naples,Italy
27/05/1934,Italy,United States,7,1,FIFA World Cup,Rome,Italy
27/05/1934,Netherlands,Switzerland,2,3,FIFA World Cup,Milan,Italy
31/05/1934,Austria,Hungary,2,1,FIFA World Cup,Bologna,Italy
31/05/1934,Czechoslovakia,Switzerland,3,2,FIFA World Cup,Turin,Italy
31/05/1934,Germany,Sweden,2,1,FIFA World Cup,Milan,Italy
31/05/1934,Italy,Spain,1,1,FIFA World Cup,Florence,Italy
01/06/1934,Italy,Spain,1,0,FIFA World Cup,Florence,Italy
03/06/1934,Czechoslovakia,Germany,3,1,FIFA World Cup,Rome,Italy
03/06/1934,Italy,Austria,1,0,FIFA World Cup,Milan,Italy
07/06/1934,Austria,Germany,2,3,FIFA World Cup,Naples,Italy
10/06/1934,Italy,Czechoslovakia,2,1,FIFA World Cup,Rome,Italy
04/06/1938,Germany,Switzerland,1,1,FIFA World Cup,Paris,France
05/06/1938,Brazil,Poland,6,5,FIFA World Cup,Strasbourg,France
05/06/1938,Cuba,Romania,3,3,FIFA World Cup,Toulouse,France
05/06/1938,Czechoslovakia,Netherlands,3,0,FIFA World Cup,Le Havre,France
05/06/1938,France,Belgium,3,1,FIFA World Cup,Colombes,France
05/06/1938,Hungary,Indonesia,6,0,FIFA World Cup,Reims,France
05/06/1938,Italy,Norway,2,1,FIFA World Cup,Marseille,France
09/06/1938,Cuba,Romania,2,1,FIFA World Cup,Toulouse,France
09/06/1938,Germany,Switzerland,2,4,FIFA World Cup,Paris,France
12/06/1938,Brazil,Czechoslovakia,1,1,FIFA World Cup,Bordeaux,France
12/06/1938,Cuba,Sweden,0,8,FIFA World Cup,Antibes,France
12/06/1938,France,Italy,1,3,FIFA World Cup,Colombes,France
12/06/1938,Hungary,Switzerland,2,0,FIFA World Cup,Lille,France
14/06/1938,Brazil,Czechoslovakia,2,1,FIFA World Cup,Bordeaux,France
16/06/1938,Brazil,Italy,1,2,FIFA World Cup,Marseille,France
16/06/1938,Hungary,Sweden,5,1,FIFA World Cup,Paris,France
19/06/1938,Brazil,Sweden,4,2,FIFA World Cup,Bordeaux,France
19/06/1938,Hungary,Italy,2,4,FIFA World Cup,Colombes,France
24/06/1950,Brazil,Mexico,4,0,FIFA World Cup,Rio de Janeiro,Brazil
25/06/1950,Chile,England,0,2,FIFA World Cup,Rio de Janeiro,Brazil
25/06/1950,Italy,Sweden,2,3,FIFA World Cup,São Paulo,Brazil
25/06/1950,Spain,United States,3,1,FIFA World Cup,Curitiba,Brazil
25/06/1950,Switzerland,Yugoslavia,0,3,FIFA World Cup,Belo Horizonte,Brazil
28/06/1950,Brazil,Switzerland,2,2,FIFA World Cup,São Paulo,Brazil
28/06/1950,Mexico,Yugoslavia,1,4,FIFA World Cup,Porto Alegre,Brazil
29/06/1950,Chile,Spain,0,2,FIFA World Cup,Rio de Janeiro,Brazil
29/06/1950,England,United States,0,1,FIFA World Cup,Belo Horizonte,Brazil
29/06/1950,Paraguay,Sweden,2,2,FIFA World Cup,Curitiba,Brazil
01/07/1950,Brazil,Yugoslavia,2,0,FIFA World Cup,Rio de Janeiro,Brazil
02/07/1950,Bolivia,Uruguay,0,8,FIFA World Cup,Belo Horizonte,Brazil
02/07/1950,Chile,United States,5,2,FIFA World Cup,Recife,Brazil
02/07/1950,England,Spain,0,1,FIFA World Cup,Rio de Janeiro,Brazil
02/07/1950,Italy,Paraguay,2,0,FIFA World Cup,São Paulo,Brazil
02/07/1950,Mexico,Switzerland,1,2,FIFA World Cup,Porto Alegre,Brazil
09/07/1950,Brazil,Sweden,7,1,FIFA World Cup,Rio de Janeiro,Brazil
09/07/1950,Spain,Uruguay,2,2,FIFA World Cup,São Paulo,Brazil
13/07/1950,Brazil,Spain,6,1,FIFA World Cup,Rio de Janeiro,Brazil
13/07/1950,Sweden,Uruguay,2,3,FIFA World Cup,São Paulo,Brazil
16/07/1950,Brazil,Uruguay,1,2,FIFA World Cup,Rio de Janeiro,Brazil
16/07/1950,Spain,Sweden,1,3,FIFA World Cup,São Paulo,Brazil
16/06/1954,Austria,Scotland,1,0,FIFA World Cup,Zürich,Switzerland
16/06/1954,Brazil,Mexico,5,0,FIFA World Cup,Geneva,Switzerland
16/06/1954,Czechoslovakia,Uruguay,0,2,FIFA World Cup,Berne,Switzerland
16/06/1954,France,Yugoslavia,0,1,FIFA World Cup,Lausanne,Switzerland
17/06/1954,Belgium,England,4,4,FIFA World Cup,Basel,Switzerland
17/06/1954,Germany,Turkey,4,1,FIFA World Cup,Berne,Switzerland
17/06/1954,Hungary,South Korea,9,0,FIFA World Cup,Zürich,Switzerland
17/06/1954,Switzerland,Italy,2,1,FIFA World Cup,Lausanne,Switzerland
19/06/1954,Austria,Czechoslovakia,5,0,FIFA World Cup,Zürich,Switzerland
19/06/1954,Brazil,Yugoslavia,1,1,FIFA World Cup,Lausanne,Switzerland
19/06/1954,France,Mexico,3,2,FIFA World Cup,Geneva,Switzerland
19/06/1954,Scotland,Uruguay,0,7,FIFA World Cup,Basel,Switzerland
20/06/1954,Belgium,Italy,1,4,FIFA World Cup,Lugano,Switzerland
20/06/1954,Germany,Hungary,3,8,FIFA World Cup,Basel,Switzerland
20/06/1954,South Korea,Turkey,0,7,FIFA World Cup,Geneva,Switzerland
20/06/1954,Switzerland,England,0,2,FIFA World Cup,Berne,Switzerland
23/06/1954,Germany,Turkey,7,2,FIFA World Cup,Zürich,Switzerland
23/06/1954,Switzerland,Italy,4,1,FIFA World Cup,Basel,Switzerland
26/06/1954,England,Uruguay,2,4,FIFA World Cup,Basel,Switzerland
26/06/1954,Switzerland,Austria,5,7,FIFA World Cup,Lausanne,Switzerland
27/06/1954,Brazil,Hungary,2,4,FIFA World Cup,Berne,Switzerland
27/06/1954,Germany,Yugoslavia,2,0,FIFA World Cup,Geneva,Switzerland
30/06/1954,Austria,Germany,1,6,FIFA World Cup,Basel,Switzerland
30/06/1954,Hungary,Uruguay,4,2,FIFA World Cup,Lausanne,Switzerland
03/07/1954,Austria,Uruguay,3,1,FIFA World Cup,Zürich,Switzerland
04/07/1954,Germany,Hungary,3,2,FIFA World Cup,Berne,Switzerland
08/06/1958,Argentina,Germany,1,3,FIFA World Cup,Malmö,Sweden
08/06/1958,Austria,Brazil,0,3,FIFA World Cup,Uddevalla,Sweden
08/06/1958,Czechoslovakia,Northern Ireland,0,1,FIFA World Cup,Halmstad,Sweden
08/06/1958,England,Russia,2,2,FIFA World Cup,Gothenburg,Sweden
08/06/1958,France,Paraguay,7,3,FIFA World Cup,Norrköping,Sweden
08/06/1958,Hungary,Wales,1,1,FIFA World Cup,Sandviken,Sweden
08/06/1958,Scotland,Yugoslavia,1,1,FIFA World Cup,Västerås,Sweden
08/06/1958,Sweden,Mexico,3,0,FIFA World Cup,Solna,Sweden
11/06/1958,Argentina,Northern Ireland,3,1,FIFA World Cup,Halmstad,Sweden
11/06/1958,Austria,Russia,0,2,FIFA World Cup,Borås,Sweden
11/06/1958,Brazil,England,0,0,FIFA World Cup,Gothenburg,Sweden
11/06/1958,Czechoslovakia,Germany,2,2,FIFA World Cup,Helsingborg,Sweden
11/06/1958,France,Yugoslavia,2,3,FIFA World Cup,Västerås,Sweden
11/06/1958,Mexico,Wales,1,1,FIFA World Cup,Solna,Sweden
11/06/1958,Paraguay,Scotland,3,2,FIFA World Cup,Norrköping,Sweden
12/06/1958,Sweden,Hungary,2,1,FIFA World Cup,Solna,Sweden
15/06/1958,Argentina,Czechoslovakia,1,6,FIFA World Cup,Helsingborg,Sweden
15/06/1958,Austria,England,2,2,FIFA World Cup,Borås,Sweden
15/06/1958,Brazil,Russia,2,0,FIFA World Cup,Gothenburg,Sweden
15/06/1958,France,Scotland,2,1,FIFA World Cup,Örebro,Sweden
15/06/1958,Germany,Northern Ireland,2,2,FIFA World Cup,Malmö,Sweden
15/06/1958,Hungary,Mexico,4,0,FIFA World Cup,Sandviken,Sweden
15/06/1958,Paraguay,Yugoslavia,3,3,FIFA World Cup,Eskilstuna,Sweden
15/06/1958,Sweden,Wales,0,0,FIFA World Cup,Solna,Sweden
17/06/1958,Czechoslovakia,Northern Ireland,1,2,FIFA World Cup,Malmö,Sweden
17/06/1958,England,Russia,0,1,FIFA World Cup,Gothenburg,Sweden
17/06/1958,Hungary,Wales,1,2,FIFA World Cup,Solna,Sweden
19/06/1958,Brazil,Wales,1,0,FIFA World Cup,Gothenburg,Sweden
19/06/1958,France,Northern Ireland,4,0,FIFA World Cup,Norrköping,Sweden
19/06/1958,Germany,Yugoslavia,1,0,FIFA World Cup,Malmö,Sweden
19/06/1958,Sweden,Russia,2,0,FIFA World Cup,Solna,Sweden
24/06/1958,Brazil,France,5,2,FIFA World Cup,Solna,Sweden
24/06/1958,Sweden,Germany,3,1,FIFA World Cup,Gothenburg,Sweden
28/06/1958,France,Germany,6,3,FIFA World Cup,Gothenburg,Sweden
29/06/1958,Sweden,Brazil,2,5,FIFA World Cup,Solna,Sweden
06/07/1960,Czechoslovakia,Russia,0,3,UEFA Euro,Marseille,France
06/07/1960,France,Yugoslavia,4,5,UEFA Euro,Paris,France
09/07/1960,France,Czechoslovakia,0,2,UEFA Euro,Marseille,France
10/07/1960,Russia,Yugoslavia,2,1,UEFA Euro,Paris,France
30/05/1962,Argentina,Bulgaria,1,0,FIFA World Cup,Rancagua,Chile
30/05/1962,Brazil,Mexico,2,0,FIFA World Cup,Viña del Mar,Chile
30/05/1962,Chile,Switzerland,3,1,FIFA World Cup,Santiago,Chile
30/05/1962,Colombia,Uruguay,1,2,FIFA World Cup,Arica,Chile
31/05/1962,Czechoslovakia,Spain,1,0,FIFA World Cup,Viña del Mar,Chile
31/05/1962,England,Hungary,1,2,FIFA World Cup,Rancagua,Chile
31/05/1962,Germany,Italy,0,0,FIFA World Cup,Santiago,Chile
31/05/1962,Russia,Yugoslavia,2,0,FIFA World Cup,Arica,Chile
02/06/1962,Argentina,England,1,3,FIFA World Cup,Rancagua,Chile
02/06/1962,Brazil,Czechoslovakia,0,0,FIFA World Cup,Viña del Mar,Chile
02/06/1962,Chile,Italy,2,0,FIFA World Cup,Santiago,Chile
02/06/1962,Uruguay,Yugoslavia,1,3,FIFA World Cup,Arica,Chile
03/06/1962,Bulgaria,Hungary,1,6,FIFA World Cup,Rancagua,Chile
03/06/1962,Colombia,Russia,4,4,FIFA World Cup,Arica,Chile
03/06/1962,Germany,Switzerland,2,1,FIFA World Cup,Santiago,Chile
03/06/1962,Mexico,Spain,0,1,FIFA World Cup,Viña del Mar,Chile
06/06/1962,Argentina,Hungary,0,0,FIFA World Cup,Rancagua,Chile
06/06/1962,Brazil,Spain,2,1,FIFA World Cup,Viña del Mar,Chile
06/06/1962,Chile,Germany,0,2,FIFA World Cup,Santiago,Chile
06/06/1962,Russia,Uruguay,2,1,FIFA World Cup,Arica,Chile
07/06/1962,Bulgaria,England,0,0,FIFA World Cup,Rancagua,Chile
07/06/1962,Colombia,Yugoslavia,0,5,FIFA World Cup,Arica,Chile
07/06/1962,Czechoslovakia,Mexico,1,3,FIFA World Cup,Viña del Mar,Chile
07/06/1962,Italy,Switzerland,3,0,FIFA World Cup,Santiago,Chile
10/06/1962,Brazil,England,3,1,FIFA World Cup,Viña del Mar,Chile
10/06/1962,Chile,Russia,2,1,FIFA World Cup,Arica,Chile
10/06/1962,Czechoslovakia,Hungary,1,0,FIFA World Cup,Rancagua,Chile
10/06/1962,Germany,Yugoslavia,0,1,FIFA World Cup,Santiago,Chile
13/06/1962,Chile,Brazil,2,4,FIFA World Cup,Santiago,Chile
13/06/1962,Czechoslovakia,Yugoslavia,3,1,FIFA World Cup,Viña del Mar,Chile
16/06/1962,Chile,Yugoslavia,1,0,FIFA World Cup,Santiago,Chile
17/06/1962,Brazil,Czechoslovakia,3,1,FIFA World Cup,Santiago,Chile
17/06/1964,Denmark,Russia,0,3,UEFA Euro,Barcelona,Spain
17/06/1964,Spain,Hungary,2,1,UEFA Euro,Madrid,Spain
20/06/1964,Hungary,Denmark,3,1,UEFA Euro,Barcelona,Spain
21/06/1964,Spain,Russia,2,1,UEFA Euro,Madrid,Spain
11/07/1966,England,Uruguay,0,0,FIFA World Cup,London,England
12/07/1966,Brazil,Bulgaria,2,0,FIFA World Cup,Liverpool,England
12/07/1966,Germany,Switzerland,5,0,FIFA World Cup,Sheffield,England
12/07/1966,North Korea,Russia,0,3,FIFA World Cup,Middlesbrough,England
13/07/1966,Argentina,Spain,2,1,FIFA World Cup,Birmingham,England
13/07/1966,Chile,Italy,0,2,FIFA World Cup,Sunderland,England
13/07/1966,France,Mexico,1,1,FIFA World Cup,London,England
13/07/1966,Hungary,Portugal,1,3,FIFA World Cup,Manchester,England
15/07/1966,Brazil,Hungary,1,3,FIFA World Cup,Liverpool,England
15/07/1966,Chile,North Korea,1,1,FIFA World Cup,Middlesbrough,England
15/07/1966,France,Uruguay,1,2,FIFA World Cup,London,England
15/07/1966,Spain,Switzerland,2,1,FIFA World Cup,Sheffield,England
16/07/1966,Argentina,Germany,0,0,FIFA World Cup,Birmingham,England
16/07/1966,Bulgaria,Portugal,0,3,FIFA World Cup,Manchester,England
16/07/1966,England,Mexico,2,0,FIFA World Cup,London,England
16/07/1966,Italy,Russia,0,1,FIFA World Cup,Sunderland,England
19/07/1966,Argentina,Switzerland,2,0,FIFA World Cup,Sheffield,England
19/07/1966,Brazil,Portugal,1,3,FIFA World Cup,Liverpool,England
19/07/1966,Italy,North Korea,0,1,FIFA World Cup,Middlesbrough,England
19/07/1966,Mexico,Uruguay,0,0,FIFA World Cup,London,England
20/07/1966,Bulgaria,Hungary,1,3,FIFA World Cup,Manchester,England
20/07/1966,Chile,Russia,1,2,FIFA World Cup,Sunderland,England
20/07/1966,England,France,2,0,FIFA World Cup,London,England
20/07/1966,Germany,Spain,2,1,FIFA World Cup,Birmingham,England
23/07/1966,England,Argentina,1,0,FIFA World Cup,London,England
23/07/1966,Germany,Uruguay,4,0,FIFA World Cup,Sheffield,England
23/07/1966,Hungary,Russia,1,2,FIFA World Cup,Sunderland,England
23/07/1966,North Korea,Portugal,3,5,FIFA World Cup,Liverpool,England
25/07/1966,Germany,Russia,2,1,FIFA World Cup,Liverpool,England
26/07/1966,England,Portugal,2,1,FIFA World Cup,London,England
28/07/1966,Portugal,Russia,2,1,FIFA World Cup,London,England
30/07/1966,England,Germany,4,2,FIFA World Cup,London,England
05/06/1968,England,Yugoslavia,0,1,UEFA Euro,Florence,Italy
05/06/1968,Italy,Russia,0,0,UEFA Euro,Naples,Italy
08/06/1968,England,Russia,2,0,UEFA Euro,Rome,Italy
08/06/1968,Italy,Yugoslavia,1,1,UEFA Euro,Rome,Italy
10/06/1968,Italy,Yugoslavia,2,0,UEFA Euro,Rome,Italy
31/05/1970,Mexico,Russia,0,0,FIFA World Cup,Mexico City,Mexico
02/06/1970,Bulgaria,Peru,2,3,FIFA World Cup,León,Mexico
02/06/1970,England,Romania,1,0,FIFA World Cup,Guadalajara,Mexico
02/06/1970,Israel,Uruguay,0,2,FIFA World Cup,Puebla,Mexico
03/06/1970,Belgium,El Salvador,3,0,FIFA World Cup,Mexico City,Mexico
03/06/1970,Brazil,Czechoslovakia,4,1,FIFA World Cup,Guadalajara,Mexico
03/06/1970,Germany,Morocco,2,1,FIFA World Cup,León,Mexico
03/06/1970,Italy,Sweden,1,0,FIFA World Cup,Toluca,Mexico
06/06/1970,Belgium,Russia,1,4,FIFA World Cup,Mexico City,Mexico
06/06/1970,Czechoslovakia,Romania,1,2,FIFA World Cup,Guadalajara,Mexico
06/06/1970,Italy,Uruguay,0,0,FIFA World Cup,Puebla,Mexico
06/06/1970,Morocco,Peru,0,3,FIFA World Cup,León,Mexico
07/06/1970,Brazil,England,1,0,FIFA World Cup,Guadalajara,Mexico
07/06/1970,Bulgaria,Germany,2,5,FIFA World Cup,León,Mexico
07/06/1970,Israel,Sweden,1,1,FIFA World Cup,Toluca,Mexico
07/06/1970,Mexico,El Salvador,4,0,FIFA World Cup,Mexico City,Mexico
10/06/1970,Brazil,Romania,3,2,FIFA World Cup,Guadalajara,Mexico
10/06/1970,El Salvador,Russia,0,2,FIFA World Cup,Mexico City,Mexico
10/06/1970,Germany,Peru,3,1,FIFA World Cup,León,Mexico
10/06/1970,Sweden,Uruguay,1,0,FIFA World Cup,Puebla,Mexico
11/06/1970,Bulgaria,Morocco,1,1,FIFA World Cup,León,Mexico
11/06/1970,Czechoslovakia,England,0,1,FIFA World Cup,Guadalajara,Mexico
11/06/1970,Israel,Italy,0,0,FIFA World Cup,Toluca,Mexico
11/06/1970,Mexico,Belgium,1,0,FIFA World Cup,Mexico City,Mexico
14/06/1970,Brazil,Peru,4,2,FIFA World Cup,Guadalajara,Mexico
14/06/1970,England,Germany,2,3,FIFA World Cup,León,Mexico
14/06/1970,Mexico,Italy,1,4,FIFA World Cup,Toluca,Mexico
14/06/1970,Russia,Uruguay,0,1,FIFA World Cup,Mexico City,Mexico
17/06/1970,Brazil,Uruguay,3,1,FIFA World Cup,Guadalajara,Mexico
17/06/1970,Germany,Italy,3,4,FIFA World Cup,Mexico City,Mexico
20/06/1970,Germany,Uruguay,1,0,FIFA World Cup,Mexico City,Mexico
21/06/1970,Brazil,Italy,4,1,FIFA World Cup,Mexico City,Mexico
14/06/1972,Belgium,Germany,1,2,UEFA Euro,Antwerp,Belgium
14/06/1972,Hungary,Russia,0,1,UEFA Euro,Brussels,Belgium
17/06/1972,Belgium,Hungary,2,1,UEFA Euro,Liège,Belgium
18/06/1972,Germany,Russia,3,0,UEFA Euro,Brussels,Belgium
13/06/1974,Brazil,Yugoslavia,0,0,FIFA World Cup,Frankfurt am Main,Germany
14/06/1974,DR Congo,Scotland,0,2,FIFA World Cup,Dortmund,Germany
14/06/1974,German DR,Australia,2,0,FIFA World Cup,Hamburg,Germany
14/06/1974,Germany,Chile,1,0,FIFA World Cup,Berlin,Germany
15/06/1974,Italy,Haiti,3,1,FIFA World Cup,Munich,Germany
15/06/1974,Poland,Argentina,3,2,FIFA World Cup,Stuttgart,Germany
15/06/1974,Sweden,Bulgaria,0,0,FIFA World Cup,Düsseldorf,Germany
15/06/1974,Uruguay,Netherlands,0,2,FIFA World Cup,Hanover,Germany
18/06/1974,Chile,German DR,1,1,FIFA World Cup,Berlin,Germany
18/06/1974,Germany,Australia,3,0,FIFA World Cup,Hamburg,Germany
18/06/1974,Scotland,Brazil,0,0,FIFA World Cup,Frankfurt am Main,Germany
18/06/1974,Yugoslavia,DR Congo,9,0,FIFA World Cup,Gelsenkirchen,Germany
19/06/1974,Argentina,Italy,1,1,FIFA World Cup,Stuttgart,Germany
19/06/1974,Bulgaria,Uruguay,1,1,FIFA World Cup,Hanover,Germany
19/06/1974,Haiti,Poland,0,7,FIFA World Cup,Munich,Germany
19/06/1974,Netherlands,Sweden,0,0,FIFA World Cup,Dortmund,Germany
22/06/1974,Australia,Chile,0,0,FIFA World Cup,Berlin,Germany
22/06/1974,DR Congo,Brazil,0,3,FIFA World Cup,Gelsenkirchen,Germany
22/06/1974,Germany,German DR,0,1,FIFA World Cup,Hamburg,Germany
22/06/1974,Scotland,Yugoslavia,1,1,FIFA World Cup,Frankfurt am Main,Germany
23/06/1974,Argentina,Haiti,4,1,FIFA World Cup,Munich,Germany
23/06/1974,Bulgaria,Netherlands,1,4,FIFA World Cup,Dortmund,Germany
23/06/1974,Poland,Italy,2,1,FIFA World Cup,Stuttgart,Germany
23/06/1974,Sweden,Uruguay,3,0,FIFA World Cup,Düsseldorf,Germany
26/06/1974,Brazil,German DR,1,0,FIFA World Cup,Hanover,Germany
26/06/1974,Germany,Yugoslavia,2,0,FIFA World Cup,Düsseldorf,Germany
26/06/1974,Netherlands,Argentina,4,0,FIFA World Cup,Gelsenkirchen,Germany
26/06/1974,Sweden,Poland,0,1,FIFA World Cup,Stuttgart,Germany
30/06/1974,Argentina,Brazil,1,2,FIFA World Cup,Hanover,Germany
30/06/1974,German DR,Netherlands,0,2,FIFA World Cup,Gelsenkirchen,Germany
30/06/1974,Germany,Sweden,4,2,FIFA World Cup,Düsseldorf,Germany
30/06/1974,Poland,Yugoslavia,2,1,FIFA World Cup,Frankfurt am Main,Germany
03/07/1974,Argentina,German DR,1,1,FIFA World Cup,Gelsenkirchen,Germany
03/07/1974,Germany,Poland,1,0,FIFA World Cup,Frankfurt am Main,Germany
03/07/1974,Netherlands,Brazil,2,0,FIFA World Cup,Dortmund,Germany
03/07/1974,Sweden,Yugoslavia,2,1,FIFA World Cup,Düsseldorf,Germany
06/07/1974,Brazil,Poland,0,1,FIFA World Cup,Munich,Germany
07/07/1974,Germany,Netherlands,2,1,FIFA World Cup,Munich,Germany
16/06/1976,Czechoslovakia,Netherlands,3,1,UEFA Euro,Zagreb,Yugoslavia
17/06/1976,Yugoslavia,Germany,2,4,UEFA Euro,Belgrade,Yugoslavia
19/06/1976,Yugoslavia,Netherlands,2,3,UEFA Euro,Zagreb,Yugoslavia
20/06/1976,Czechoslovakia,Germany,2,2,UEFA Euro,Belgrade,Yugoslavia
01/06/1978,Germany,Poland,0,0,FIFA World Cup,Buenos Aires,Argentina
02/06/1978,Argentina,Hungary,2,1,FIFA World Cup,Buenos Aires,Argentina
02/06/1978,France,Italy,1,2,FIFA World Cup,Mar del Plata,Argentina
02/06/1978,Mexico,Tunisia,1,3,FIFA World Cup,Rosario,Argentina
03/06/1978,Austria,Spain,2,1,FIFA World Cup,Buenos Aires,Argentina
03/06/1978,Brazil,Sweden,1,1,FIFA World Cup,Mar del Plata,Argentina
03/06/1978,Iran,Netherlands,0,3,FIFA World Cup,Mendoza,Argentina
03/06/1978,Peru,Scotland,3,1,FIFA World Cup,Córdoba,Argentina
06/06/1978,Argentina,France,2,1,FIFA World Cup,Buenos Aires,Argentina
06/06/1978,Germany,Mexico,6,0,FIFA World Cup,Córdoba,Argentina
06/06/1978,Hungary,Italy,1,3,FIFA World Cup,Mar del Plata,Argentina
06/06/1978,Poland,Tunisia,1,0,FIFA World Cup,Rosario,Argentina
07/06/1978,Austria,Sweden,1,0,FIFA World Cup,Buenos Aires,Argentina
07/06/1978,Brazil,Spain,0,0,FIFA World Cup,Mar del Plata,Argentina
07/06/1978,Iran,Scotland,1,1,FIFA World Cup,Córdoba,Argentina
07/06/1978,Netherlands,Peru,0,0,FIFA World Cup,Mendoza,Argentina
10/06/1978,Argentina,Italy,0,1,FIFA World Cup,Buenos Aires,Argentina
10/06/1978,France,Hungary,3,1,FIFA World Cup,Mar del Plata,Argentina
10/06/1978,Germany,Tunisia,0,0,FIFA World Cup,Córdoba,Argentina
10/06/1978,Mexico,Poland,1,3,FIFA World Cup,Rosario,Argentina
11/06/1978,Austria,Brazil,0,1,FIFA World Cup,Mar del Plata,Argentina
11/06/1978,Iran,Peru,1,4,FIFA World Cup,Córdoba,Argentina
11/06/1978,Netherlands,Scotland,2,3,FIFA World Cup,Mendoza,Argentina
11/06/1978,Spain,Sweden,1,0,FIFA World Cup,Buenos Aires,Argentina
14/06/1978,Argentina,Poland,2,0,FIFA World Cup,Rosario,Argentina
14/06/1978,Austria,Netherlands,1,5,FIFA World Cup,Córdoba,Argentina
14/06/1978,Brazil,Peru,3,0,FIFA World Cup,Mendoza,Argentina
14/06/1978,Germany,Italy,0,0,FIFA World Cup,Buenos Aires,Argentina
18/06/1978,Argentina,Brazil,0,0,FIFA World Cup,Rosario,Argentina
18/06/1978,Austria,Italy,0,1,FIFA World Cup,Buenos Aires,Argentina
18/06/1978,Germany,Netherlands,2,2,FIFA World Cup,Córdoba,Argentina
18/06/1978,Peru,Poland,0,1,FIFA World Cup,Mendoza,Argentina
21/06/1978,Argentina,Peru,6,0,FIFA World Cup,Rosario,Argentina
21/06/1978,Austria,Germany,3,2,FIFA World Cup,Córdoba,Argentina
21/06/1978,Brazil,Poland,3,1,FIFA World Cup,Mendoza,Argentina
21/06/1978,Italy,Netherlands,1,2,FIFA World Cup,Buenos Aires,Argentina
24/06/1978,Brazil,Italy,2,1,FIFA World Cup,Buenos Aires,Argentina
25/06/1978,Argentina,Netherlands,3,1,FIFA World Cup,Buenos Aires,Argentina
11/06/1980,Czechoslovakia,Germany,0,1,UEFA Euro,Rome,Italy
11/06/1980,Netherlands,Greece,1,0,UEFA Euro,Naples,Italy
12/06/1980,Belgium,England,1,1,UEFA Euro,Turin,Italy
12/06/1980,Italy,Spain,0,0,UEFA Euro,Milan,Italy
14/06/1980,Germany,Netherlands,3,2,UEFA Euro,Naples,Italy
14/06/1980,Greece,Czechoslovakia,1,3,UEFA Euro,Rome,Italy
15/06/1980,Belgium,Spain,2,1,UEFA Euro,Milan,Italy
15/06/1980,Italy,England,1,0,UEFA Euro,Turin,Italy
17/06/1980,Greece,Germany,0,0,UEFA Euro,Turin,Italy
17/06/1980,Netherlands,Czechoslovakia,1,1,UEFA Euro,Milan,Italy
18/06/1980,Italy,Belgium,0,0,UEFA Euro,Rome,Italy
18/06/1980,Spain,England,1,2,UEFA Euro,Naples,Italy
21/06/1980,Italy,Czechoslovakia,1,1,UEFA Euro,Naples,Italy
22/06/1980,Belgium,Germany,1,2,UEFA Euro,Rome,Italy
13/06/1982,Argentina,Belgium,0,1,FIFA World Cup,Barcelona,Spain
14/06/1982,Brazil,Russia,2,1,FIFA World Cup,Seville,Spain
14/06/1982,Italy,Poland,0,0,FIFA World Cup,Vigo,Spain
15/06/1982,Hungary,El Salvador,10,1,FIFA World Cup,Elche,Spain
15/06/1982,Peru,Cameroon,0,0,FIFA World Cup,La Coruña,Spain
15/06/1982,Scotland,New Zealand,5,2,FIFA World Cup,Málaga,Spain
16/06/1982,England,France,3,1,FIFA World Cup,Bilbao,Spain
16/06/1982,Germany,Algeria,1,2,FIFA World Cup,Gijón,Spain
16/06/1982,Spain,Honduras,1,1,FIFA World Cup,Valencia,Spain
17/06/1982,Chile,Austria,0,1,FIFA World Cup,Oviedo,Spain
17/06/1982,Czechoslovakia,Kuwait,1,1,FIFA World Cup,Valladolid,Spain
17/06/1982,Yugoslavia,Northern Ireland,0,0,FIFA World Cup,Zaragoza,Spain
18/06/1982,Argentina,Hungary,4,1,FIFA World Cup,Alicante,Spain
18/06/1982,Brazil,Scotland,4,1,FIFA World Cup,Seville,Spain
18/06/1982,Italy,Peru,1,1,FIFA World Cup,Vigo,Spain
19/06/1982,Belgium,El Salvador,1,0,FIFA World Cup,Elche,Spain
19/06/1982,Poland,Cameroon,0,0,FIFA World Cup,La Coruña,Spain
19/06/1982,Russia,New Zealand,3,0,FIFA World Cup,Málaga,Spain
20/06/1982,England,Czechoslovakia,2,0,FIFA World Cup,Bilbao,Spain
20/06/1982,Germany,Chile,4,1,FIFA World Cup,Gijón,Spain
20/06/1982,Spain,Yugoslavia,2,1,FIFA World Cup,Valencia,Spain
21/06/1982,Algeria,Austria,0,2,FIFA World Cup,Oviedo,Spain
21/06/1982,France,Kuwait,4,1,FIFA World Cup,Valladolid,Spain
21/06/1982,Honduras,Northern Ireland,1,1,FIFA World Cup,Zaragoza,Spain
22/06/1982,Belgium,Hungary,1,1,FIFA World Cup,Elche,Spain
22/06/1982,Poland,Peru,5,1,FIFA World Cup,La Coruña,Spain
22/06/1982,Russia,Scotland,2,2,FIFA World Cup,Málaga,Spain
23/06/1982,Argentina,El Salvador,2,0,FIFA World Cup,Alicante,Spain
23/06/1982,Brazil,New Zealand,4,0,FIFA World Cup,Seville,Spain
23/06/1982,Italy,Cameroon,1,1,FIFA World Cup,Vigo,Spain
24/06/1982,Algeria,Chile,3,2,FIFA World Cup,Oviedo,Spain
24/06/1982,France,Czechoslovakia,1,1,FIFA World Cup,Valladolid,Spain
24/06/1982,Honduras,Yugoslavia,0,1,FIFA World Cup,Zaragoza,Spain
25/06/1982,England,Kuwait,1,0,FIFA World Cup,Bilbao,Spain
25/06/1982,Germany,Austria,1,0,FIFA World Cup,Gijón,Spain
25/06/1982,Spain,Northern Ireland,0,1,FIFA World Cup,Valencia,Spain
28/06/1982,Austria,France,0,1,FIFA World Cup,Madrid,Spain
28/06/1982,Poland,Belgium,3,0,FIFA World Cup,Barcelona,Spain
29/06/1982,Germany,England,0,0,FIFA World Cup,Madrid,Spain
29/06/1982,Italy,Argentina,2,1,FIFA World Cup,Barcelona,Spain
01/07/1982,Austria,Northern Ireland,2,2,FIFA World Cup,Madrid,Spain
01/07/1982,Belgium,Russia,0,1,FIFA World Cup,Barcelona,Spain
02/07/1982,Argentina,Brazil,1,3,FIFA World Cup,Barcelona,Spain
02/07/1982,Spain,Germany,1,2,FIFA World Cup,Madrid,Spain
04/07/1982,France,Northern Ireland,4,1,FIFA World Cup,Madrid,Spain
04/07/1982,Poland,Russia,0,0,FIFA World Cup,Barcelona,Spain
05/07/1982,Italy,Brazil,3,2,FIFA World Cup,Barcelona,Spain
05/07/1982,Spain,England,0,0,FIFA World Cup,Madrid,Spain
08/07/1982,Germany,France,3,3,FIFA World Cup,Seville,Spain
08/07/1982,Poland,Italy,0,2,FIFA World Cup,Barcelona,Spain
10/07/1982,Poland,France,3,2,FIFA World Cup,Alicante,Spain
11/07/1982,Italy,Germany,3,1,FIFA World Cup,Madrid,Spain
12/06/1984,France,Denmark,1,0,UEFA Euro,Paris,France
13/06/1984,Belgium,Yugoslavia,2,0,UEFA Euro,Lens,France
14/06/1984,Germany,Portugal,0,0,UEFA Euro,Strasbourg,France
14/06/1984,Romania,Spain,1,1,UEFA Euro,Saint-Étienne,France
16/06/1984,Denmark,Yugoslavia,5,0,UEFA Euro,Lyon,France
16/06/1984,France,Belgium,5,0,UEFA Euro,Nantes,France
17/06/1984,Germany,Romania,2,1,UEFA Euro,Lens,France
17/06/1984,Portugal,Spain,1,1,UEFA Euro,Marseille,France
19/06/1984,Denmark,Belgium,3,2,UEFA Euro,Strasbourg,France
19/06/1984,France,Yugoslavia,3,2,UEFA Euro,Saint-Étienne,France
20/06/1984,Germany,Spain,0,1,UEFA Euro,Paris,France
20/06/1984,Portugal,Romania,1,0,UEFA Euro,Nantes,France
23/06/1984,France,Portugal,3,2,UEFA Euro,Marseille,France
24/06/1984,Denmark,Spain,1,1,UEFA Euro,Lyon,France
27/06/1984,France,Spain,2,0,UEFA Euro,Paris,France
31/05/1986,Bulgaria,Italy,1,1,FIFA World Cup,Mexico City,Mexico
01/06/1986,Canada,France,0,1,FIFA World Cup,León,Mexico
01/06/1986,Spain,Brazil,0,1,FIFA World Cup,Guadalajara,Mexico
02/06/1986,Argentina,South Korea,3,1,FIFA World Cup,Mexico City,Mexico
02/06/1986,Morocco,Poland,0,0,FIFA World Cup,Monterrey,Mexico
02/06/1986,Russia,Hungary,6,0,FIFA World Cup,Irapuato,Mexico
03/06/1986,Algeria,Northern Ireland,1,1,FIFA World Cup,Guadalajara,Mexico
03/06/1986,Mexico,Belgium,2,1,FIFA World Cup,Mexico City,Mexico
03/06/1986,Portugal,England,1,0,FIFA World Cup,Monterrey,Mexico
04/06/1986,Paraguay,Iraq,1,0,FIFA World Cup,Toluca,Mexico
04/06/1986,Scotland,Denmark,0,1,FIFA World Cup,Nezahualcóyotl,Mexico
04/06/1986,Uruguay,Germany,1,1,FIFA World Cup,Querétaro,Mexico
05/06/1986,France,Russia,1,1,FIFA World Cup,León,Mexico
05/06/1986,Italy,Argentina,1,1,FIFA World Cup,Puebla,Mexico
05/06/1986,South Korea,Bulgaria,1,1,FIFA World Cup,Mexico City,Mexico
06/06/1986,Brazil,Algeria,1,0,FIFA World Cup,Guadalajara,Mexico
06/06/1986,England,Morocco,0,0,FIFA World Cup,Monterrey,Mexico
06/06/1986,Hungary,Canada,2,0,FIFA World Cup,Irapuato,Mexico
07/06/1986,Mexico,Paraguay,1,1,FIFA World Cup,Mexico City,Mexico
07/06/1986,Northern Ireland,Spain,1,2,FIFA World Cup,Guadalajara,Mexico
07/06/1986,Poland,Portugal,1,0,FIFA World Cup,Monterrey,Mexico
08/06/1986,Denmark,Uruguay,6,1,FIFA World Cup,Nezahualcóyotl,Mexico
08/06/1986,Germany,Scotland,2,1,FIFA World Cup,Querétaro,Mexico
08/06/1986,Iraq,Belgium,1,2,FIFA World Cup,Toluca,Mexico
09/06/1986,Hungary,France,0,3,FIFA World Cup,León,Mexico
09/06/1986,Russia,Canada,2,0,FIFA World Cup,Irapuato,Mexico
10/06/1986,Argentina,Bulgaria,2,0,FIFA World Cup,Mexico City,Mexico
10/06/1986,South Korea,Italy,2,3,FIFA World Cup,Puebla,Mexico
11/06/1986,England,Poland,3,0,FIFA World Cup,Monterrey,Mexico
11/06/1986,Mexico,Iraq,1,0,FIFA World Cup,Mexico City,Mexico
11/06/1986,Paraguay,Belgium,2,2,FIFA World Cup,Toluca,Mexico
11/06/1986,Portugal,Morocco,1,3,FIFA World Cup,Guadalajara,Mexico
12/06/1986,Algeria,Spain,0,3,FIFA World Cup,Monterrey,Mexico
12/06/1986,Northern Ireland,Brazil,0,3,FIFA World Cup,Guadalajara,Mexico
13/06/1986,Denmark,Germany,2,0,FIFA World Cup,Querétaro,Mexico
13/06/1986,Scotland,Uruguay,0,0,FIFA World Cup,Nezahualcóyotl,Mexico
15/06/1986,Mexico,Bulgaria,2,0,FIFA World Cup,Mexico City,Mexico
15/06/1986,Russia,Belgium,3,4,FIFA World Cup,León,Mexico
16/06/1986,Argentina,Uruguay,1,0,FIFA World Cup,Puebla,Mexico
16/06/1986,Brazil,Poland,4,0,FIFA World Cup,Guadalajara,Mexico
17/06/1986,Italy,France,0,2,FIFA World Cup,Mexico City,Mexico
17/06/1986,Morocco,Germany,0,1,FIFA World Cup,Monterrey,Mexico
18/06/1986,Denmark,Spain,1,5,FIFA World Cup,Querétaro,Mexico
18/06/1986,England,Paraguay,3,0,FIFA World Cup,Mexico City,Mexico
21/06/1986,Brazil,France,1,1,FIFA World Cup,Guadalajara,Mexico
21/06/1986,Mexico,Germany,0,0,FIFA World Cup,Monterrey,Mexico
22/06/1986,Argentina,England,2,1,FIFA World Cup,Mexico City,Mexico
22/06/1986,Spain,Belgium,1,1,FIFA World Cup,Puebla,Mexico
25/06/1986,Argentina,Belgium,2,0,FIFA World Cup,Mexico City,Mexico
25/06/1986,France,Germany,0,2,FIFA World Cup,Guadalajara,Mexico
28/06/1986,France,Belgium,4,2,FIFA World Cup,Puebla,Mexico
29/06/1986,Argentina,Germany,3,2,FIFA World Cup,Mexico City,Mexico
10/06/1988,Germany,Italy,1,1,UEFA Euro,Düsseldorf,Germany
11/06/1988,Denmark,Spain,2,3,UEFA Euro,Hanover,Germany
12/06/1988,England,Republic of Ireland,0,1,UEFA Euro,Stuttgart,Germany
12/06/1988,Netherlands,Russia,0,1,UEFA Euro,Cologne,Germany
14/06/1988,Germany,Denmark,2,0,UEFA Euro,Gelsenkirchen,Germany
14/06/1988,Italy,Spain,1,0,UEFA Euro,Frankfurt am Main,Germany
15/06/1988,England,Netherlands,1,3,UEFA Euro,Düsseldorf,Germany
15/06/1988,Republic of Ireland,Russia,1,1,UEFA Euro,Hanover,Germany
17/06/1988,Germany,Spain,2,0,UEFA Euro,Munich,Germany
17/06/1988,Italy,Denmark,2,0,UEFA Euro,Cologne,Germany
18/06/1988,England,Russia,1,3,UEFA Euro,Frankfurt am Main,Germany
18/06/1988,Republic of Ireland,Netherlands,0,1,UEFA Euro,Gelsenkirchen,Germany
21/06/1988,Germany,Netherlands,1,2,UEFA Euro,Hamburg,Germany
22/06/1988,Russia,Italy,2,0,UEFA Euro,Stuttgart,Germany
25/06/1988,Russia,Netherlands,0,2,UEFA Euro,Munich,Germany
08/06/1990,Argentina,Cameroon,0,1,FIFA World Cup,Milan,Italy
09/06/1990,Italy,Austria,1,0,FIFA World Cup,Rome,Italy
09/06/1990,Russia,Romania,0,2,FIFA World Cup,Bari,Italy
09/06/1990,United Arab Emirates,Colombia,0,2,FIFA World Cup,Bologna,Italy
10/06/1990,Brazil,Sweden,2,1,FIFA World Cup,Turin,Italy
10/06/1990,Germany,Yugoslavia,4,1,FIFA World Cup,Milan,Italy
10/06/1990,United States,Czechoslovakia,1,5,FIFA World Cup,Florence,Italy
11/06/1990,Costa Rica,Scotland,1,0,FIFA World Cup,Genoa,Italy
11/06/1990,England,Republic of Ireland,1,1,FIFA World Cup,Cagliari,Italy
12/06/1990,Belgium,South Korea,2,0,FIFA World Cup,Verona,Italy
12/06/1990,Netherlands,Egypt,1,1,FIFA World Cup,Palermo,Italy
13/06/1990,Argentina,Russia,2,0,FIFA World Cup,Naples,Italy
13/06/1990,Uruguay,Spain,0,0,FIFA World Cup,Udine,Italy
14/06/1990,Cameroon,Romania,2,1,FIFA World Cup,Bari,Italy
14/06/1990,Italy,United States,1,0,FIFA World Cup,Rome,Italy
14/06/1990,Yugoslavia,Colombia,1,0,FIFA World Cup,Bologna,Italy
15/06/1990,Austria,Czechoslovakia,0,1,FIFA World Cup,Florence,Italy
15/06/1990,Germany,United Arab Emirates,5,1,FIFA World Cup,Milan,Italy
16/06/1990,Brazil,Costa Rica,1,0,FIFA World Cup,Turin,Italy
16/06/1990,England,Netherlands,0,0,FIFA World Cup,Cagliari,Italy
16/06/1990,Sweden,Scotland,1,2,FIFA World Cup,Genoa,Italy
17/06/1990,Belgium,Uruguay,3,1,FIFA World Cup,Verona,Italy
17/06/1990,Republic of Ireland,Egypt,0,0,FIFA World Cup,Palermo,Italy
17/06/1990,South Korea,Spain,1,3,FIFA World Cup,Udine,Italy
18/06/1990,Argentina,Romania,1,1,FIFA World Cup,Naples,Italy
18/06/1990,Cameroon,Russia,0,4,FIFA World Cup,Bari,Italy
19/06/1990,Austria,United States,2,1,FIFA World Cup,Florence,Italy
19/06/1990,Germany,Colombia,1,1,FIFA World Cup,Milan,Italy
19/06/1990,Italy,Czechoslovakia,2,0,FIFA World Cup,Rome,Italy
19/06/1990,Yugoslavia,United Arab Emirates,4,1,FIFA World Cup,Bologna,Italy
20/06/1990,Brazil,Scotland,1,0,FIFA World Cup,Turin,Italy
20/06/1990,Sweden,Costa Rica,1,2,FIFA World Cup,Genoa,Italy
21/06/1990,Belgium,Spain,1,2,FIFA World Cup,Verona,Italy
21/06/1990,England,Egypt,1,0,FIFA World Cup,Cagliari,Italy
21/06/1990,Republic of Ireland,Netherlands,1,1,FIFA World Cup,Palermo,Italy
21/06/1990,South Korea,Uruguay,0,1,FIFA World Cup,Udine,Italy
23/06/1990,Cameroon,Colombia,2,1,FIFA World Cup,Naples,Italy
23/06/1990,Czechoslovakia,Costa Rica,4,1,FIFA World Cup,Bari,Italy
24/06/1990,Brazil,Argentina,0,1,FIFA World Cup,Turin,Italy
24/06/1990,Germany,Netherlands,2,1,FIFA World Cup,Milan,Italy
25/06/1990,Republic of Ireland,Romania,0,0,FIFA World Cup,Genoa,Italy
25/06/1990,Italy,Uruguay,2,0,FIFA World Cup,Rome,Italy
26/06/1990,England,Belgium,1,0,FIFA World Cup,Bologna,Italy
26/06/1990,Spain,Yugoslavia,1,2,FIFA World Cup,Verona,Italy
30/06/1990,Italy,Republic of Ireland,1,0,FIFA World Cup,Rome,Italy
30/06/1990,Yugoslavia,Argentina,0,0,FIFA World Cup,Florence,Italy
01/07/1990,Cameroon,England,2,3,FIFA World Cup,Naples,Italy
01/07/1990,Germany,Czechoslovakia,1,0,FIFA World Cup,Milan,Italy
03/07/1990,Italy,Argentina,1,1,FIFA World Cup,Naples,Italy
04/07/1990,Germany,England,1,1,FIFA World Cup,Turin,Italy
07/07/1990,Italy,England,2,1,FIFA World Cup,Bari,Italy
08/07/1990,Germany,Argentina,1,0,FIFA World Cup,Rome,Italy
10/06/1992,Sweden,France,1,1,UEFA Euro,Solna,Sweden
11/06/1992,Denmark,England,0,0,UEFA Euro,Malmö,Sweden
12/06/1992,Netherlands,Scotland,1,0,UEFA Euro,Gothenburg,Sweden
12/06/1992,Russia,Germany,1,1,UEFA Euro,Norrköping,Sweden
14/06/1992,France,England,0,0,UEFA Euro,Malmö,Sweden
14/06/1992,Sweden,Denmark,1,0,UEFA Euro,Solna,Sweden
15/06/1992,Netherlands,Russia,0,0,UEFA Euro,Gothenburg,Sweden
15/06/1992,Scotland,Germany,0,2,UEFA Euro,Norrköping,Sweden
17/06/1992,France,Denmark,1,2,UEFA Euro,Malmö,Sweden
17/06/1992,Sweden,England,2,1,UEFA Euro,Solna,Sweden
18/06/1992,Netherlands,Germany,3,1,UEFA Euro,Gothenburg,Sweden
18/06/1992,Scotland,Russia,3,0,UEFA Euro,Norrköping,Sweden
21/06/1992,Sweden,Germany,2,3,UEFA Euro,Solna,Sweden
22/06/1992,Netherlands,Denmark,2,2,UEFA Euro,Gothenburg,Sweden
26/06/1992,Denmark,Germany,2,0,UEFA Euro,Gothenburg,Sweden
17/06/1994,Germany,Bolivia,1,0,FIFA World Cup,Chicago,United States
17/06/1994,Spain,South Korea,2,2,FIFA World Cup,Dallas,United States
18/06/1994,Colombia,Romania,1,3,FIFA World Cup,Pasadena,United States
18/06/1994,Italy,Republic of Ireland,0,1,FIFA World Cup,East Rutherford,United States
18/06/1994,United States,Switzerland,1,1,FIFA World Cup,Pontiac,United States
19/06/1994,Belgium,Morocco,1,0,FIFA World Cup,Orlando,United States
19/06/1994,Cameroon,Sweden,2,2,FIFA World Cup,Pasadena,United States
19/06/1994,Norway,Mexico,1,0,FIFA World Cup,"Washington, D.C.",United States
20/06/1994,Brazil,Russia,2,0,FIFA World Cup,Palo Alto,United States
20/06/1994,Netherlands,Saudi Arabia,2,1,FIFA World Cup,"Washington, D.C.",United States
21/06/1994,Argentina,Greece,4,0,FIFA World Cup,Foxborough,United States
21/06/1994,Germany,Spain,1,1,FIFA World Cup,Chicago,United States
21/06/1994,Nigeria,Bulgaria,3,0,FIFA World Cup,Dallas,United States
22/06/1994,Romania,Switzerland,1,4,FIFA World Cup,Pontiac,United States
22/06/1994,United States,Colombia,2,1,FIFA World Cup,Pasadena,United States
23/06/1994,Italy,Norway,1,0,FIFA World Cup,East Rutherford,United States
23/06/1994,South Korea,Bolivia,0,0,FIFA World Cup,Foxborough,United States
24/06/1994,Brazil,Cameroon,3,0,FIFA World Cup,Palo Alto,United States
24/06/1994,Mexico,Republic of Ireland,2,1,FIFA World Cup,Orlando,United States
24/06/1994,Sweden,Russia,3,1,FIFA World Cup,Pontiac,United States
25/06/1994,Argentina,Nigeria,2,1,FIFA World Cup,Foxborough,United States
25/06/1994,Belgium,Netherlands,1,0,FIFA World Cup,Orlando,United States
25/06/1994,Saudi Arabia,Morocco,2,1,FIFA World Cup,East Rutherford,United States
26/06/1994,Bulgaria,Greece,4,0,FIFA World Cup,Chicago,United States
26/06/1994,Switzerland,Colombia,0,2,FIFA World Cup,Palo Alto,United States
26/06/1994,United States,Romania,0,1,FIFA World Cup,Pasadena,United States
27/06/1994,Bolivia,Spain,1,3,FIFA World Cup,Chicago,United States
27/06/1994,Germany,South Korea,3,2,FIFA World Cup,Dallas,United States
28/06/1994,Brazil,Sweden,1,1,FIFA World Cup,Pontiac,United States
28/06/1994,Republic of Ireland,Norway,0,0,FIFA World Cup,East Rutherford,United States
28/06/1994,Italy,Mexico,1,1,FIFA World Cup,"Washington, D.C.",United States
28/06/1994,Russia,Cameroon,6,1,FIFA World Cup,Palo Alto,United States
29/06/1994,Belgium,Saudi Arabia,0,1,FIFA World Cup,"Washington, D.C.",United States
29/06/1994,Morocco,Netherlands,1,2,FIFA World Cup,Orlando,United States
30/06/1994,Argentina,Bulgaria,0,2,FIFA World Cup,Dallas,United States
30/06/1994,Greece,Nigeria,0,2,FIFA World Cup,Foxborough,United States
02/07/1994,Germany,Belgium,3,2,FIFA World Cup,Chicago,United States
02/07/1994,Spain,Switzerland,3,0,FIFA World Cup,"Washington, D.C.",United States
03/07/1994,Romania,Argentina,3,2,FIFA World Cup,Pasadena,United States
03/07/1994,Saudi Arabia,Sweden,1,3,FIFA World Cup,Dallas,United States
04/07/1994,Netherlands,Republic of Ireland,2,0,FIFA World Cup,Orlando,United States
04/07/1994,United States,Brazil,0,1,FIFA World Cup,Palo Alto,United States
05/07/1994,Mexico,Bulgaria,1,1,FIFA World Cup,East Rutherford,United States
05/07/1994,Nigeria,Italy,1,2,FIFA World Cup,Foxborough,United States
09/07/1994,Italy,Spain,2,1,FIFA World Cup,Foxborough,United States
09/07/1994,Netherlands,Brazil,2,3,FIFA World Cup,Dallas,United States
10/07/1994,Bulgaria,Germany,2,1,FIFA World Cup,East Rutherford,United States
10/07/1994,Romania,Sweden,2,2,FIFA World Cup,Palo Alto,United States
13/07/1994,Bulgaria,Italy,1,2,FIFA World Cup,East Rutherford,United States
13/07/1994,Sweden,Brazil,0,1,FIFA World Cup,Pasadena,United States
16/07/1994,Sweden,Bulgaria,4,0,FIFA World Cup,Pasadena,United States
17/07/1994,Brazil,Italy,0,0,FIFA World Cup,Pasadena,United States
08/06/1996,England,Switzerland,1,1,UEFA Euro,London,England
09/06/1996,Denmark,Portugal,1,1,UEFA Euro,Sheffield,England
09/06/1996,Germany,Czech Republic,2,0,UEFA Euro,Manchester,England
09/06/1996,Spain,Bulgaria,1,1,UEFA Euro,Leeds,England
10/06/1996,Netherlands,Scotland,0,0,UEFA Euro,Birmingham,England
10/06/1996,Romania,France,0,1,UEFA Euro,Newcastle,England
11/06/1996,Italy,Russia,2,1,UEFA Euro,Liverpool,England
11/06/1996,Turkey,Croatia,0,1,UEFA Euro,Nottingham,England
13/06/1996,Bulgaria,Romania,1,0,UEFA Euro,Newcastle,England
13/06/1996,Switzerland,Netherlands,0,2,UEFA Euro,Birmingham,England
14/06/1996,Czech Republic,Italy,2,1,UEFA Euro,Liverpool,England
14/06/1996,Portugal,Turkey,1,0,UEFA Euro,Nottingham,England
15/06/1996,England,Scotland,2,0,UEFA Euro,London,England
15/06/1996,France,Spain,1,1,UEFA Euro,Leeds,England
16/06/1996,Croatia,Denmark,3,0,UEFA Euro,Sheffield,England
16/06/1996,Russia,Germany,0,3,UEFA Euro,Manchester,England
18/06/1996,England,Netherlands,4,1,UEFA Euro,London,England
18/06/1996,France,Bulgaria,3,1,UEFA Euro,Newcastle,England
18/06/1996,Romania,Spain,1,2,UEFA Euro,Leeds,England
18/06/1996,Scotland,Switzerland,1,0,UEFA Euro,Birmingham,England
19/06/1996,Croatia,Portugal,0,3,UEFA Euro,Nottingham,England
19/06/1996,Italy,Germany,0,0,UEFA Euro,Manchester,England
19/06/1996,Russia,Czech Republic,3,3,UEFA Euro,Liverpool,England
19/06/1996,Turkey,Denmark,0,3,UEFA Euro,Sheffield,England
22/06/1996,England,Spain,0,0,UEFA Euro,London,England
22/06/1996,France,Netherlands,0,0,UEFA Euro,Liverpool,England
23/06/1996,Czech Republic,Portugal,1,0,UEFA Euro,Birmingham,England
23/06/1996,Germany,Croatia,2,1,UEFA Euro,Manchester,England
26/06/1996,England,Germany,1,1,UEFA Euro,London,England
26/06/1996,France,Czech Republic,0,0,UEFA Euro,Manchester,England
30/06/1996,Czech Republic,Germany,1,2,UEFA Euro,London,England
10/06/1998,Brazil,Scotland,2,1,FIFA World Cup,Saint-Denis,France
10/06/1998,Morocco,Norway,2,2,FIFA World Cup,Montpellier,France
11/06/1998,Cameroon,Austria,1,1,FIFA World Cup,Toulouse,France
11/06/1998,Italy,Chile,2,2,FIFA World Cup,Bordeaux,France
12/06/1998,France,South Africa,3,0,FIFA World Cup,Marseille,France
12/06/1998,Paraguay,Bulgaria,0,0,FIFA World Cup,Montpellier,France
12/06/1998,Saudi Arabia,Denmark,0,1,FIFA World Cup,Lens,France
13/06/1998,South Korea,Mexico,1,3,FIFA World Cup,Lyon,France
13/06/1998,Netherlands,Belgium,0,0,FIFA World Cup,Saint-Denis,France
13/06/1998,Spain,Nigeria,2,3,FIFA World Cup,Nantes,France
14/06/1998,Argentina,Japan,1,0,FIFA World Cup,Toulouse,France
14/06/1998,Jamaica,Croatia,1,3,FIFA World Cup,Lens,France
14/06/1998,Serbia,Iran,1,0,FIFA World Cup,Saint-Étienne,France
15/06/1998,England,Tunisia,2,0,FIFA World Cup,Marseille,France
15/06/1998,Germany,United States,2,0,FIFA World Cup,Paris,France
15/06/1998,Romania,Colombia,1,0,FIFA World Cup,Lyon,France
16/06/1998,Brazil,Morocco,3,0,FIFA World Cup,Nantes,France
16/06/1998,Scotland,Norway,1,1,FIFA World Cup,Bordeaux,France
17/06/1998,Chile,Austria,1,1,FIFA World Cup,Saint-Étienne,France
17/06/1998,Italy,Cameroon,3,0,FIFA World Cup,Montpellier,France
18/06/1998,France,Saudi Arabia,4,0,FIFA World Cup,Saint-Denis,France
18/06/1998,South Africa,Denmark,1,1,FIFA World Cup,Toulouse,France
19/06/1998,Nigeria,Bulgaria,1,0,FIFA World Cup,Paris,France
19/06/1998,Spain,Paraguay,0,0,FIFA World Cup,Saint-Étienne,France
20/06/1998,Belgium,Mexico,2,2,FIFA World Cup,Bordeaux,France
20/06/1998,Japan,Croatia,0,1,FIFA World Cup,Nantes,France
20/06/1998,Netherlands,South Korea,5,0,FIFA World Cup,Marseille,France
21/06/1998,Argentina,Jamaica,5,0,FIFA World Cup,Paris,France
21/06/1998,Germany,Serbia,2,2,FIFA World Cup,Lens,France
21/06/1998,United States,Iran,1,2,FIFA World Cup,Lyon,France
22/06/1998,Colombia,Tunisia,1,0,FIFA World Cup,Montpellier,France
22/06/1998,Romania,England,2,1,FIFA World Cup,Toulouse,France
23/06/1998,Brazil,Norway,1,2,FIFA World Cup,Marseille,France
23/06/1998,Chile,Cameroon,1,1,FIFA World Cup,Nantes,France
23/06/1998,Italy,Austria,2,1,FIFA World Cup,Saint-Denis,France
23/06/1998,Scotland,Morocco,0,3,FIFA World Cup,Saint-Étienne,France
24/06/1998,France,Denmark,2,1,FIFA World Cup,Lyon,France
24/06/1998,Nigeria,Paraguay,1,3,FIFA World Cup,Toulouse,France
24/06/1998,South Africa,Saudi Arabia,2,2,FIFA World Cup,Bordeaux,France
24/06/1998,Spain,Bulgaria,6,1,FIFA World Cup,Lens,France
25/06/1998,Belgium,South Korea,1,1,FIFA World Cup,Paris,France
25/06/1998,Germany,Iran,2,0,FIFA World Cup,Montpellier,France
25/06/1998,Netherlands,Mexico,2,2,FIFA World Cup,Saint-Étienne,France
25/06/1998,United States,Serbia,0,1,FIFA World Cup,Nantes,France
26/06/1998,Argentina,Croatia,1,0,FIFA World Cup,Bordeaux,France
26/06/1998,Colombia,England,0,2,FIFA World Cup,Lens,France
26/06/1998,Japan,Jamaica,1,2,FIFA World Cup,Lyon,France
26/06/1998,Romania,Tunisia,1,1,FIFA World Cup,Saint-Denis,France
27/06/1998,Brazil,Chile,4,1,FIFA World Cup,Paris,France
27/06/1998,Italy,Norway,1,0,FIFA World Cup,Marseille,France
28/06/1998,France,Paraguay,1,0,FIFA World Cup,Lens,France
28/06/1998,Nigeria,Denmark,1,4,FIFA World Cup,Saint-Denis,France
29/06/1998,Germany,Mexico,2,1,FIFA World Cup,Montpellier,France
29/06/1998,Netherlands,Serbia,2,1,FIFA World Cup,Toulouse,France
30/06/1998,Argentina,England,2,2,FIFA World Cup,Saint-Étienne,France
30/06/1998,Romania,Croatia,0,1,FIFA World Cup,Bordeaux,France
03/07/1998,Brazil,Denmark,3,2,FIFA World Cup,Nantes,France
03/07/1998,France,Italy,0,0,FIFA World Cup,Saint-Denis,France
04/07/1998,Germany,Croatia,0,3,FIFA World Cup,Lyon,France
04/07/1998,Netherlands,Argentina,2,1,FIFA World Cup,Marseille,France
07/07/1998,Brazil,Netherlands,1,1,FIFA World Cup,Marseille,France
08/07/1998,France,Croatia,2,1,FIFA World Cup,Saint-Denis,France
11/07/1998,Netherlands,Croatia,1,2,FIFA World Cup,Paris,France
12/07/1998,France,Brazil,3,0,FIFA World Cup,Saint-Denis,France
10/06/2000,Belgium,Sweden,2,1,UEFA Euro,Brussels,Belgium
11/06/2000,France,Denmark,3,0,UEFA Euro,Bruges,Belgium
11/06/2000,Netherlands,Czech Republic,1,0,UEFA Euro,Amsterdam,Netherlands
11/06/2000,Turkey,Italy,1,2,UEFA Euro,Arnhem,Netherlands
12/06/2000,Germany,Romania,1,1,UEFA Euro,Liège,Belgium
12/06/2000,Portugal,England,3,2,UEFA Euro,Eindhoven,Netherlands
13/06/2000,Serbia,Slovenia,3,3,UEFA Euro,Charleroi,Belgium
13/06/2000,Spain,Norway,0,1,UEFA Euro,Rotterdam,Netherlands
14/06/2000,Belgium,Italy,0,2,UEFA Euro,Brussels,Belgium
15/06/2000,Sweden,Turkey,0,0,UEFA Euro,Eindhoven,Netherlands
16/06/2000,Czech Republic,France,1,2,UEFA Euro,Bruges,Belgium
16/06/2000,Netherlands,Denmark,3,0,UEFA Euro,Rotterdam,Netherlands
17/06/2000,England,Germany,1,0,UEFA Euro,Charleroi,Belgium
17/06/2000,Romania,Portugal,0,1,UEFA Euro,Arnhem,Netherlands
18/06/2000,Norway,Serbia,0,1,UEFA Euro,Liège,Belgium
18/06/2000,Slovenia,Spain,1,2,UEFA Euro,Amsterdam,Netherlands
19/06/2000,Belgium,Turkey,0,2,UEFA Euro,Brussels,Belgium
19/06/2000,Italy,Sweden,2,1,UEFA Euro,Eindhoven,Netherlands
20/06/2000,England,Romania,2,3,UEFA Euro,Charleroi,Belgium
20/06/2000,Portugal,Germany,3,0,UEFA Euro,Rotterdam,Netherlands
21/06/2000,Denmark,Czech Republic,0,2,UEFA Euro,Liège,Belgium
21/06/2000,Netherlands,France,3,2,UEFA Euro,Amsterdam,Netherlands
21/06/2000,Serbia,Spain,3,4,UEFA Euro,Bruges,Belgium
21/06/2000,Slovenia,Norway,0,0,UEFA Euro,Arnhem,Netherlands
24/06/2000,Italy,Romania,2,0,UEFA Euro,Brussels,Belgium
24/06/2000,Turkey,Portugal,0,2,UEFA Euro,Amsterdam,Netherlands
25/06/2000,Netherlands,Serbia,6,1,UEFA Euro,Rotterdam,Netherlands
25/06/2000,Spain,France,1,2,UEFA Euro,Bruges,Belgium
28/06/2000,France,Portugal,2,1,UEFA Euro,Brussels,Belgium
29/06/2000,Netherlands,Italy,0,0,UEFA Euro,Amsterdam,Netherlands
02/07/2000,France,Italy,2,1,UEFA Euro,Rotterdam,Netherlands
31/05/2002,France,Senegal,0,1,FIFA World Cup,Seoul,South Korea
01/06/2002,Germany,Saudi Arabia,8,0,FIFA World Cup,Sapporo,Japan
01/06/2002,Republic of Ireland,Cameroon,1,1,FIFA World Cup,Niigata,Japan
01/06/2002,Uruguay,Denmark,1,2,FIFA World Cup,Ulsan,South Korea
02/06/2002,Argentina,Nigeria,1,0,FIFA World Cup,Kashima,Japan
02/06/2002,England,Sweden,1,1,FIFA World Cup,Saitama,Japan
02/06/2002,Paraguay,South Africa,2,2,FIFA World Cup,Busan,South Korea
02/06/2002,Spain,Slovenia,3,1,FIFA World Cup,Gwangju,South Korea
03/06/2002,Brazil,Turkey,2,1,FIFA World Cup,Ulsan,South Korea
03/06/2002,Croatia,Mexico,0,1,FIFA World Cup,Niigata,Japan
03/06/2002,Italy,Ecuador,2,0,FIFA World Cup,Sapporo,Japan
04/06/2002,China PR,Costa Rica,0,2,FIFA World Cup,Gwangju,South Korea
04/06/2002,Japan,Belgium,2,2,FIFA World Cup,Saitama,Japan
04/06/2002,South Korea,Poland,2,0,FIFA World Cup,Busan,South Korea
05/06/2002,Germany,Republic of Ireland,1,1,FIFA World Cup,Kashima,Japan
05/06/2002,Russia,Tunisia,2,0,FIFA World Cup,Kobe,Japan
05/06/2002,United States,Portugal,3,2,FIFA World Cup,Suwon,South Korea
06/06/2002,Cameroon,Saudi Arabia,1,0,FIFA World Cup,Saitama,Japan
06/06/2002,Denmark,Senegal,1,1,FIFA World Cup,Daegu,South Korea
06/06/2002,France,Uruguay,0,0,FIFA World Cup,Busan,South Korea
07/06/2002,Argentina,England,0,1,FIFA World Cup,Sapporo,Japan
07/06/2002,Spain,Paraguay,3,1,FIFA World Cup,Jeonju,South Korea
07/06/2002,Sweden,Nigeria,2,1,FIFA World Cup,Kobe,Japan
08/06/2002,Brazil,China PR,4,0,FIFA World Cup,Seogwipo,South Korea
08/06/2002,Italy,Croatia,1,2,FIFA World Cup,Kashima,Japan
08/06/2002,South Africa,Slovenia,1,0,FIFA World Cup,Daegu,South Korea
09/06/2002,Costa Rica,Turkey,1,1,FIFA World Cup,Incheon,South Korea
09/06/2002,Japan,Russia,1,0,FIFA World Cup,Yokohama,Japan
09/06/2002,Mexico,Ecuador,2,1,FIFA World Cup,Rifu,Japan
10/06/2002,South Korea,United States,1,1,FIFA World Cup,Daegu,South Korea
10/06/2002,Portugal,Poland,4,0,FIFA World Cup,Jeonju,South Korea
10/06/2002,Tunisia,Belgium,1,1,FIFA World Cup,Ōita,Japan
11/06/2002,Cameroon,Germany,0,2,FIFA World Cup,Fukuroi,Japan
11/06/2002,Denmark,France,2,0,FIFA World Cup,Incheon,South Korea
11/06/2002,Saudi Arabia,Republic of Ireland,0,3,FIFA World Cup,Yokohama,Japan
11/06/2002,Senegal,Uruguay,3,3,FIFA World Cup,Suwon,South Korea
12/06/2002,Nigeria,England,0,0,FIFA World Cup,Osaka,Japan
12/06/2002,Slovenia,Paraguay,1,3,FIFA World Cup,Seogwipo,South Korea
12/06/2002,South Africa,Spain,2,3,FIFA World Cup,Daejeon,South Korea
12/06/2002,Sweden,Argentina,1,1,FIFA World Cup,Rifu,Japan
13/06/2002,Costa Rica,Brazil,2,5,FIFA World Cup,Suwon,South Korea
13/06/2002,Ecuador,Croatia,1,0,FIFA World Cup,Yokohama,Japan
13/06/2002,Mexico,Italy,1,1,FIFA World Cup,Ōita,Japan
13/06/2002,Turkey,China PR,3,0,FIFA World Cup,Seoul,South Korea
14/06/2002,Belgium,Russia,3,2,FIFA World Cup,Fukuroi,Japan
14/06/2002,Japan,Tunisia,2,0,FIFA World Cup,Osaka,Japan
14/06/2002,South Korea,Portugal,1,0,FIFA World Cup,Incheon,South Korea
14/06/2002,Poland,United States,3,1,FIFA World Cup,Daejeon,South Korea
15/06/2002,Denmark,England,0,3,FIFA World Cup,Niigata,Japan
15/06/2002,Germany,Paraguay,1,0,FIFA World Cup,Seogwipo,South Korea
16/06/2002,Spain,Republic of Ireland,1,1,FIFA World Cup,Suwon,South Korea
16/06/2002,Sweden,Senegal,1,2,FIFA World Cup,Ōita,Japan
17/06/2002,Brazil,Belgium,2,0,FIFA World Cup,Kobe,Japan
17/06/2002,Mexico,United States,0,2,FIFA World Cup,Jeonju,South Korea
18/06/2002,Japan,Turkey,0,1,FIFA World Cup,Rifu,Japan
18/06/2002,South Korea,Italy,2,1,FIFA World Cup,Daejeon,South Korea
21/06/2002,England,Brazil,1,2,FIFA World Cup,Fukuroi,Japan
21/06/2002,Germany,United States,1,0,FIFA World Cup,Ulsan,South Korea
22/06/2002,South Korea,Spain,0,0,FIFA World Cup,Gwangju,South Korea
22/06/2002,Senegal,Turkey,0,1,FIFA World Cup,Osaka,Japan
25/06/2002,South Korea,Germany,0,1,FIFA World Cup,Seoul,South Korea
26/06/2002,Brazil,Turkey,1,0,FIFA World Cup,Saitama,Japan
29/06/2002,South Korea,Turkey,2,3,FIFA World Cup,Daegu,South Korea
30/06/2002,Germany,Brazil,0,2,FIFA World Cup,Yokohama,Japan
12/06/2004,Portugal,Greece,1,2,UEFA Euro,Porto,Portugal
12/06/2004,Spain,Russia,1,0,UEFA Euro,Faro,Portugal
13/06/2004,France,England,2,1,UEFA Euro,Lisbon,Portugal
13/06/2004,Switzerland,Croatia,0,0,UEFA Euro,Leiria,Portugal
14/06/2004,Denmark,Italy,0,0,UEFA Euro,Guimarães,Portugal
14/06/2004,Sweden,Bulgaria,5,0,UEFA Euro,Lisbon,Portugal
15/06/2004,Czech Republic,Latvia,2,1,UEFA Euro,Aveiro,Portugal
15/06/2004,Germany,Netherlands,1,1,UEFA Euro,Porto,Portugal
16/06/2004,Greece,Spain,1,1,UEFA Euro,Porto,Portugal
16/06/2004,Portugal,Russia,2,0,UEFA Euro,Lisbon,Portugal
17/06/2004,Croatia,France,2,2,UEFA Euro,Leiria,Portugal
17/06/2004,England,Switzerland,3,0,UEFA Euro,Coimbra,Portugal
18/06/2004,Bulgaria,Denmark,0,2,UEFA Euro,Braga,Portugal
18/06/2004,Italy,Sweden,1,1,UEFA Euro,Porto,Portugal
19/06/2004,Latvia,Germany,0,0,UEFA Euro,Porto,Portugal
19/06/2004,Netherlands,Czech Republic,2,3,UEFA Euro,Aveiro,Portugal
20/06/2004,Portugal,Spain,1,0,UEFA Euro,Lisbon,Portugal
20/06/2004,Russia,Greece,2,1,UEFA Euro,Faro,Portugal
21/06/2004,Croatia,England,2,4,UEFA Euro,Lisbon,Portugal
21/06/2004,Switzerland,France,1,3,UEFA Euro,Coimbra,Portugal
22/06/2004,Denmark,Sweden,2,2,UEFA Euro,Porto,Portugal
22/06/2004,Italy,Bulgaria,2,1,UEFA Euro,Guimarães,Portugal
23/06/2004,Germany,Czech Republic,1,2,UEFA Euro,Lisbon,Portugal
23/06/2004,Netherlands,Latvia,3,0,UEFA Euro,Braga,Portugal
24/06/2004,Portugal,England,2,2,UEFA Euro,Lisbon,Portugal
25/06/2004,France,Greece,0,1,UEFA Euro,Lisbon,Portugal
26/06/2004,Sweden,Netherlands,0,0,UEFA Euro,Faro,Portugal
27/06/2004,Czech Republic,Denmark,3,0,UEFA Euro,Porto,Portugal
30/06/2004,Portugal,Netherlands,2,1,UEFA Euro,Lisbon,Portugal
01/07/2004,Greece,Czech Republic,1,0,UEFA Euro,Porto,Portugal
04/07/2004,Portugal,Greece,0,1,UEFA Euro,Lisbon,Portugal
09/06/2006,Germany,Costa Rica,4,2,FIFA World Cup,Munich,Germany
09/06/2006,Poland,Ecuador,0,2,FIFA World Cup,Gelsenkirchen,Germany
10/06/2006,Argentina,Ivory Coast,2,1,FIFA World Cup,Hamburg,Germany
10/06/2006,England,Paraguay,1,0,FIFA World Cup,Frankfurt am Main,Germany
10/06/2006,Trinidad and Tobago,Sweden,0,0,FIFA World Cup,Dortmund,Germany
11/06/2006,Angola,Portugal,0,1,FIFA World Cup,Cologne,Germany
11/06/2006,Mexico,Iran,3,1,FIFA World Cup,Nuremberg,Germany
11/06/2006,Serbia,Netherlands,0,1,FIFA World Cup,Leipzig,Germany
12/06/2006,Australia,Japan,3,1,FIFA World Cup,Kaiserslautern,Germany
12/06/2006,Italy,Ghana,2,0,FIFA World Cup,Hanover,Germany
12/06/2006,United States,Czech Republic,0,3,FIFA World Cup,Gelsenkirchen,Germany
13/06/2006,Brazil,Croatia,1,0,FIFA World Cup,Berlin,Germany
13/06/2006,France,Switzerland,0,0,FIFA World Cup,Stuttgart,Germany
13/06/2006,South Korea,Togo,2,1,FIFA World Cup,Frankfurt am Main,Germany
14/06/2006,Germany,Poland,1,0,FIFA World Cup,Dortmund,Germany
14/06/2006,Spain,Ukraine,4,0,FIFA World Cup,Leipzig,Germany
14/06/2006,Tunisia,Saudi Arabia,2,2,FIFA World Cup,Munich,Germany
15/06/2006,Ecuador,Costa Rica,3,0,FIFA World Cup,Hamburg,Germany
15/06/2006,England,Trinidad and Tobago,2,0,FIFA World Cup,Nuremberg,Germany
15/06/2006,Sweden,Paraguay,1,0,FIFA World Cup,Berlin,Germany
16/06/2006,Argentina,Serbia,6,0,FIFA World Cup,Gelsenkirchen,Germany
16/06/2006,Mexico,Angola,0,0,FIFA World Cup,Hanover,Germany
16/06/2006,Netherlands,Ivory Coast,2,1,FIFA World Cup,Stuttgart,Germany
17/06/2006,Czech Republic,Ghana,0,2,FIFA World Cup,Cologne,Germany
17/06/2006,Italy,United States,1,1,FIFA World Cup,Kaiserslautern,Germany
17/06/2006,Portugal,Iran,2,0,FIFA World Cup,Frankfurt am Main,Germany
18/06/2006,Brazil,Australia,2,0,FIFA World Cup,Munich,Germany
18/06/2006,France,South Korea,1,1,FIFA World Cup,Leipzig,Germany
18/06/2006,Japan,Croatia,0,0,FIFA World Cup,Nuremberg,Germany
19/06/2006,Saudi Arabia,Ukraine,0,4,FIFA World Cup,Hamburg,Germany
19/06/2006,Spain,Tunisia,3,1,FIFA World Cup,Stuttgart,Germany
19/06/2006,Togo,Switzerland,0,2,FIFA World Cup,Dortmund,Germany
20/06/2006,Costa Rica,Poland,1,2,FIFA World Cup,Hanover,Germany
20/06/2006,Germany,Ecuador,3,0,FIFA World Cup,Berlin,Germany
20/06/2006,Paraguay,Trinidad and Tobago,2,0,FIFA World Cup,Kaiserslautern,Germany
20/06/2006,Sweden,England,2,2,FIFA World Cup,Cologne,Germany
21/06/2006,Iran,Angola,1,1,FIFA World Cup,Leipzig,Germany
21/06/2006,Ivory Coast,Serbia,3,2,FIFA World Cup,Munich,Germany
21/06/2006,Netherlands,Argentina,0,0,FIFA World Cup,Frankfurt am Main,Germany
21/06/2006,Portugal,Mexico,2,1,FIFA World Cup,Gelsenkirchen,Germany
22/06/2006,Croatia,Australia,2,2,FIFA World Cup,Stuttgart,Germany
22/06/2006,Czech Republic,Italy,0,2,FIFA World Cup,Hamburg,Germany
22/06/2006,Ghana,United States,2,1,FIFA World Cup,Nuremberg,Germany
22/06/2006,Japan,Brazil,1,4,FIFA World Cup,Dortmund,Germany
23/06/2006,Saudi Arabia,Spain,0,1,FIFA World Cup,Kaiserslautern,Germany
23/06/2006,Switzerland,South Korea,2,0,FIFA World Cup,Hanover,Germany
23/06/2006,Togo,France,0,2,FIFA World Cup,Cologne,Germany
23/06/2006,Ukraine,Tunisia,1,0,FIFA World Cup,Berlin,Germany
24/06/2006,Argentina,Mexico,2,1,FIFA World Cup,Leipzig,Germany
24/06/2006,Germany,Sweden,2,0,FIFA World Cup,Munich,Germany
25/06/2006,England,Ecuador,1,0,FIFA World Cup,Stuttgart,Germany
25/06/2006,Portugal,Netherlands,1,0,FIFA World Cup,Nuremberg,Germany
26/06/2006,Italy,Australia,1,0,FIFA World Cup,Kaiserslautern,Germany
26/06/2006,Switzerland,Ukraine,0,0,FIFA World Cup,Cologne,Germany
27/06/2006,Brazil,Ghana,3,0,FIFA World Cup,Dortmund,Germany
27/06/2006,Spain,France,1,3,FIFA World Cup,Hanover,Germany
30/06/2006,Germany,Argentina,1,1,FIFA World Cup,Berlin,Germany
30/06/2006,Italy,Ukraine,3,0,FIFA World Cup,Hamburg,Germany
01/07/2006,Brazil,France,0,1,FIFA World Cup,Frankfurt am Main,Germany
01/07/2006,England,Portugal,0,0,FIFA World Cup,Gelsenkirchen,Germany
04/07/2006,Germany,Italy,0,2,FIFA World Cup,Dortmund,Germany
05/07/2006,Portugal,France,0,1,FIFA World Cup,Munich,Germany
08/07/2006,Germany,Portugal,3,1,FIFA World Cup,Stuttgart,Germany
09/07/2006,Italy,France,1,1,FIFA World Cup,Berlin,Germany
07/06/2008,Portugal,Turkey,2,0,UEFA Euro,Geneva,Switzerland
07/06/2008,Switzerland,Czech Republic,0,1,UEFA Euro,Basel,Switzerland
08/06/2008,Austria,Croatia,0,1,UEFA Euro,Vienna,Austria
08/06/2008,Germany,Poland,2,0,UEFA Euro,Klagenfurt,Austria
09/06/2008,Netherlands,Italy,3,0,UEFA Euro,Berne,Switzerland
09/06/2008,Romania,France,0,0,UEFA Euro,Zürich,Switzerland
10/06/2008,Greece,Sweden,0,2,UEFA Euro,Salzburg,Austria
10/06/2008,Spain,Russia,4,1,UEFA Euro,Innsbruck,Austria
11/06/2008,Czech Republic,Portugal,1,3,UEFA Euro,Geneva,Switzerland
11/06/2008,Switzerland,Turkey,1,2,UEFA Euro,Basel,Switzerland
12/06/2008,Austria,Poland,1,1,UEFA Euro,Vienna,Austria
12/06/2008,Croatia,Germany,2,1,UEFA Euro,Klagenfurt,Austria
13/06/2008,Italy,Romania,1,1,UEFA Euro,Zürich,Switzerland
13/06/2008,Netherlands,France,4,1,UEFA Euro,Berne,Switzerland
14/06/2008,Greece,Russia,0,1,UEFA Euro,Salzburg,Austria
14/06/2008,Sweden,Spain,1,2,UEFA Euro,Innsbruck,Austria
15/06/2008,Switzerland,Portugal,2,0,UEFA Euro,Basel,Switzerland
15/06/2008,Turkey,Czech Republic,3,2,UEFA Euro,Geneva,Switzerland
16/06/2008,Austria,Germany,0,1,UEFA Euro,Vienna,Austria
16/06/2008,Poland,Croatia,0,1,UEFA Euro,Klagenfurt,Austria
17/06/2008,France,Italy,0,2,UEFA Euro,Zürich,Switzerland
17/06/2008,Netherlands,Romania,2,0,UEFA Euro,Berne,Switzerland
18/06/2008,Greece,Spain,1,2,UEFA Euro,Salzburg,Austria
18/06/2008,Russia,Sweden,2,0,UEFA Euro,Innsbruck,Austria
19/06/2008,Portugal,Germany,2,3,UEFA Euro,Basel,Switzerland
20/06/2008,Croatia,Turkey,1,1,UEFA Euro,Vienna,Austria
21/06/2008,Netherlands,Russia,1,3,UEFA Euro,Basel,Switzerland
22/06/2008,Spain,Italy,0,0,UEFA Euro,Vienna,Austria
25/06/2008,Germany,Turkey,3,2,UEFA Euro,Basel,Switzerland
26/06/2008,Russia,Spain,0,3,UEFA Euro,Vienna,Austria
29/06/2008,Germany,Spain,0,1,UEFA Euro,Vienna,Austria
11/06/2010,South Africa,Mexico,1,1,FIFA World Cup,Johannesburg,South Africa
11/06/2010,Uruguay,France,0,0,FIFA World Cup,Cape Town,South Africa
12/06/2010,Argentina,Nigeria,1,0,FIFA World Cup,Johannesburg,South Africa
12/06/2010,England,United States,1,1,FIFA World Cup,Rustenburg,South Africa
12/06/2010,South Korea,Greece,2,0,FIFA World Cup,Port Elizabeth,South Africa
13/06/2010,Algeria,Slovenia,0,1,FIFA World Cup,Polokwane,South Africa
13/06/2010,Germany,Australia,4,0,FIFA World Cup,Durban,South Africa
13/06/2010,Serbia,Ghana,0,1,FIFA World Cup,Pretoria,South Africa
14/06/2010,Italy,Paraguay,1,1,FIFA World Cup,Cape Town,South Africa
14/06/2010,Japan,Cameroon,1,0,FIFA World Cup,Bloemfontein,South Africa
14/06/2010,Netherlands,Denmark,2,0,FIFA World Cup,Johannesburg,South Africa
15/06/2010,Brazil,North Korea,2,1,FIFA World Cup,Johannesburg,South Africa
15/06/2010,Ivory Coast,Portugal,0,0,FIFA World Cup,Port Elizabeth,South Africa
15/06/2010,New Zealand,Slovakia,1,1,FIFA World Cup,Rustenburg,South Africa
16/06/2010,Honduras,Chile,0,1,FIFA World Cup,Nelspruit,South Africa
16/06/2010,South Africa,Uruguay,0,3,FIFA World Cup,Pretoria,South Africa
16/06/2010,Spain,Switzerland,0,1,FIFA World Cup,Durban,South Africa
17/06/2010,Argentina,South Korea,4,1,FIFA World Cup,Johannesburg,South Africa
17/06/2010,France,Mexico,0,2,FIFA World Cup,Polokwane,South Africa
17/06/2010,Greece,Nigeria,2,1,FIFA World Cup,Bloemfontein,South Africa
18/06/2010,England,Algeria,0,0,FIFA World Cup,Cape Town,South Africa
18/06/2010,Germany,Serbia,0,1,FIFA World Cup,Port Elizabeth,South Africa
18/06/2010,Slovenia,United States,2,2,FIFA World Cup,Johannesburg,South Africa
19/06/2010,Cameroon,Denmark,1,2,FIFA World Cup,Pretoria,South Africa
19/06/2010,Ghana,Australia,1,1,FIFA World Cup,Rustenburg,South Africa
19/06/2010,Netherlands,Japan,1,0,FIFA World Cup,Durban,South Africa
20/06/2010,Brazil,Ivory Coast,3,1,FIFA World Cup,Johannesburg,South Africa
20/06/2010,Italy,New Zealand,1,1,FIFA World Cup,Nelspruit,South Africa
20/06/2010,Slovakia,Paraguay,0,2,FIFA World Cup,Bloemfontein,South Africa
21/06/2010,Chile,Switzerland,1,0,FIFA World Cup,Port Elizabeth,South Africa
21/06/2010,Portugal,North Korea,7,0,FIFA World Cup,Cape Town,South Africa
21/06/2010,Spain,Honduras,2,0,FIFA World Cup,Johannesburg,South Africa
22/06/2010,Greece,Argentina,0,2,FIFA World Cup,Polokwane,South Africa
22/06/2010,Mexico,Uruguay,0,1,FIFA World Cup,Rustenburg,South Africa
22/06/2010,Nigeria,South Korea,2,2,FIFA World Cup,Durban,South Africa
22/06/2010,South Africa,France,2,1,FIFA World Cup,Bloemfontein,South Africa
23/06/2010,Australia,Serbia,2,1,FIFA World Cup,Nelspruit,South Africa
23/06/2010,Ghana,Germany,0,1,FIFA World Cup,Johannesburg,South Africa
23/06/2010,Slovenia,England,0,1,FIFA World Cup,Port Elizabeth,South Africa
23/06/2010,United States,Algeria,1,0,FIFA World Cup,Pretoria,South Africa
24/06/2010,Cameroon,Netherlands,1,2,FIFA World Cup,Cape Town,South Africa
24/06/2010,Denmark,Japan,1,3,FIFA World Cup,Rustenburg,South Africa
24/06/2010,Paraguay,New Zealand,0,0,FIFA World Cup,Polokwane,South Africa
24/06/2010,Slovakia,Italy,3,2,FIFA World Cup,Johannesburg,South Africa
25/06/2010,Chile,Spain,1,2,FIFA World Cup,Pretoria,South Africa
25/06/2010,North Korea,Ivory Coast,0,3,FIFA World Cup,Nelspruit,South Africa
25/06/2010,Portugal,Brazil,0,0,FIFA World Cup,Durban,South Africa
25/06/2010,Switzerland,Honduras,0,0,FIFA World Cup,Bloemfontein,South Africa
26/06/2010,Uruguay,South Korea,2,1,FIFA World Cup,Port Elizabeth,South Africa
26/06/2010,United States,Ghana,1,2,FIFA World Cup,Rustenburg,South Africa
27/06/2010,Argentina,Mexico,3,1,FIFA World Cup,Johannesburg,South Africa
27/06/2010,Germany,England,4,1,FIFA World Cup,Bloemfontein,South Africa
28/06/2010,Brazil,Chile,3,0,FIFA World Cup,Johannesburg,South Africa
28/06/2010,Netherlands,Slovakia,2,1,FIFA World Cup,Durban,South Africa
29/06/2010,Paraguay,Japan,0,0,FIFA World Cup,Pretoria,South Africa
29/06/2010,Spain,Portugal,1,0,FIFA World Cup,Cape Town,South Africa
02/07/2010,Netherlands,Brazil,2,1,FIFA World Cup,Port Elizabeth,South Africa
02/07/2010,Uruguay,Ghana,1,1,FIFA World Cup,Johannesburg,South Africa
03/07/2010,Argentina,Germany,0,4,FIFA World Cup,Cape Town,South Africa
03/07/2010,Paraguay,Spain,0,1,FIFA World Cup,Johannesburg,South Africa
06/07/2010,Uruguay,Netherlands,2,3,FIFA World Cup,Cape Town,South Africa
07/07/2010,Germany,Spain,0,1,FIFA World Cup,Durban,South Africa
10/07/2010,Uruguay,Germany,2,3,FIFA World Cup,Port Elizabeth,South Africa
11/07/2010,Netherlands,Spain,0,1,FIFA World Cup,Johannesburg,South Africa
08/06/2012,Poland,Greece,1,1,UEFA Euro,Warsaw,Poland
08/06/2012,Russia,Czech Republic,4,1,UEFA Euro,Wrocław,Poland
09/06/2012,Germany,Portugal,1,0,UEFA Euro,Lviv,Ukraine
09/06/2012,Netherlands,Denmark,0,1,UEFA Euro,Kharkiv,Ukraine
10/06/2012,Republic of Ireland,Croatia,1,3,UEFA Euro,Poznań,Poland
10/06/2012,Spain,Italy,1,1,UEFA Euro,Gdańsk,Poland
11/06/2012,France,England,1,1,UEFA Euro,Donetsk,Ukraine
11/06/2012,Ukraine,Sweden,2,1,UEFA Euro,Kyiv,Ukraine
12/06/2012,Greece,Czech Republic,1,2,UEFA Euro,Wrocław,Poland
12/06/2012,Poland,Russia,1,1,UEFA Euro,Warsaw,Poland
13/06/2012,Denmark,Portugal,2,3,UEFA Euro,Lviv,Ukraine
13/06/2012,Netherlands,Germany,1,2,UEFA Euro,Kharkiv,Ukraine
14/06/2012,Italy,Croatia,1,1,UEFA Euro,Poznań,Poland
14/06/2012,Spain,Republic of Ireland,4,0,UEFA Euro,Gdańsk,Poland
15/06/2012,Sweden,England,2,3,UEFA Euro,Kyiv,Ukraine
15/06/2012,Ukraine,France,0,2,UEFA Euro,Donetsk,Ukraine
16/06/2012,Greece,Russia,1,0,UEFA Euro,Warsaw,Poland
16/06/2012,Poland,Czech Republic,0,1,UEFA Euro,Wrocław,Poland
17/06/2012,Denmark,Germany,1,2,UEFA Euro,Lviv,Ukraine
17/06/2012,Portugal,Netherlands,2,1,UEFA Euro,Kharkiv,Ukraine
18/06/2012,Croatia,Spain,0,1,UEFA Euro,Gdańsk,Poland
18/06/2012,Italy,Republic of Ireland,2,0,UEFA Euro,Poznań,Poland
19/06/2012,Sweden,France,2,0,UEFA Euro,Kyiv,Ukraine
19/06/2012,Ukraine,England,0,1,UEFA Euro,Donetsk,Ukraine
21/06/2012,Czech Republic,Portugal,0,1,UEFA Euro,Warsaw,Poland
22/06/2012,Germany,Greece,4,2,UEFA Euro,Gdańsk,Poland
23/06/2012,Spain,France,2,0,UEFA Euro,Donetsk,Ukraine
24/06/2012,England,Italy,0,0,UEFA Euro,Kyiv,Ukraine
27/06/2012,Portugal,Spain,0,0,UEFA Euro,Donetsk,Ukraine
28/06/2012,Germany,Italy,1,2,UEFA Euro,Warsaw,Poland
01/07/2012,Spain,Italy,4,0,UEFA Euro,Kyiv,Ukraine
12/06/2014,Brazil,Croatia,3,1,FIFA World Cup,São Paulo,Brazil
13/06/2014,Chile,Australia,3,1,FIFA World Cup,Cuiabá,Brazil
13/06/2014,Mexico,Cameroon,1,0,FIFA World Cup,Natal,Brazil
13/06/2014,Spain,Netherlands,1,5,FIFA World Cup,Salvador,Brazil
14/06/2014,Colombia,Greece,3,0,FIFA World Cup,Belo Horizonte,Brazil
14/06/2014,England,Italy,1,2,FIFA World Cup,Manaus,Brazil
14/06/2014,Ivory Coast,Japan,2,1,FIFA World Cup,Recife,Brazil
14/06/2014,Uruguay,Costa Rica,1,3,FIFA World Cup,Fortaleza,Brazil
15/06/2014,Argentina,Bosnia and Herzegovina,2,1,FIFA World Cup,Rio de Janeiro,Brazil
15/06/2014,France,Honduras,3,0,FIFA World Cup,Porto Alegre,Brazil
15/06/2014,Switzerland,Ecuador,2,1,FIFA World Cup,Brasília,Brazil
16/06/2014,Germany,Portugal,4,0,FIFA World Cup,Salvador,Brazil
16/06/2014,Ghana,United States,1,2,FIFA World Cup,Natal,Brazil
16/06/2014,Iran,Nigeria,0,0,FIFA World Cup,Curitiba,Brazil
17/06/2014,Belgium,Algeria,2,1,FIFA World Cup,Belo Horizonte,Brazil
17/06/2014,Brazil,Mexico,0,0,FIFA World Cup,Fortaleza,Brazil
17/06/2014,Russia,South Korea,1,1,FIFA World Cup,Cuiabá,Brazil
18/06/2014,Australia,Netherlands,2,3,FIFA World Cup,Curitiba,Brazil
18/06/2014,Cameroon,Croatia,0,4,FIFA World Cup,Manaus,Brazil
18/06/2014,Spain,Chile,0,2,FIFA World Cup,Rio de Janeiro,Brazil
19/06/2014,Colombia,Ivory Coast,2,1,FIFA World Cup,Brasília,Brazil
19/06/2014,Japan,Greece,0,0,FIFA World Cup,Natal,Brazil
19/06/2014,Uruguay,England,2,1,FIFA World Cup,São Paulo,Brazil
20/06/2014,Honduras,Ecuador,1,2,FIFA World Cup,Curitiba,Brazil
20/06/2014,Italy,Costa Rica,0,1,FIFA World Cup,Recife,Brazil
20/06/2014,Switzerland,France,2,5,FIFA World Cup,Salvador,Brazil
21/06/2014,Argentina,Iran,1,0,FIFA World Cup,Belo Horizonte,Brazil
21/06/2014,Germany,Ghana,2,2,FIFA World Cup,Fortaleza,Brazil
21/06/2014,Nigeria,Bosnia and Herzegovina,1,0,FIFA World Cup,Cuiabá,Brazil
22/06/2014,Belgium,Russia,1,0,FIFA World Cup,Rio de Janeiro,Brazil
22/06/2014,South Korea,Algeria,2,4,FIFA World Cup,Porto Alegre,Brazil
22/06/2014,United States,Portugal,2,2,FIFA World Cup,Manaus,Brazil
23/06/2014,Australia,Spain,0,3,FIFA World Cup,Curitiba,Brazil
23/06/2014,Brazil,Cameroon,4,1,FIFA World Cup,Brasília,Brazil
23/06/2014,Croatia,Mexico,1,3,FIFA World Cup,Recife,Brazil
23/06/2014,Netherlands,Chile,2,0,FIFA World Cup,São Paulo,Brazil
24/06/2014,Costa Rica,England,0,0,FIFA World Cup,Belo Horizonte,Brazil
24/06/2014,Greece,Ivory Coast,2,1,FIFA World Cup,Fortaleza,Brazil
24/06/2014,Italy,Uruguay,0,1,FIFA World Cup,Natal,Brazil
24/06/2014,Japan,Colombia,1,4,FIFA World Cup,Cuiabá,Brazil
25/06/2014,Bosnia and Herzegovina,Iran,3,1,FIFA World Cup,Salvador,Brazil
25/06/2014,Ecuador,France,0,0,FIFA World Cup,Rio de Janeiro,Brazil
25/06/2014,Honduras,Switzerland,0,3,FIFA World Cup,Manaus,Brazil
25/06/2014,Nigeria,Argentina,2,3,FIFA World Cup,Porto Alegre,Brazil
26/06/2014,Algeria,Russia,1,1,FIFA World Cup,Curitiba,Brazil
26/06/2014,South Korea,Belgium,0,1,FIFA World Cup,São Paulo,Brazil
26/06/2014,Portugal,Ghana,2,1,FIFA World Cup,Brasília,Brazil
26/06/2014,United States,Germany,0,1,FIFA World Cup,Recife,Brazil
28/06/2014,Brazil,Chile,1,1,FIFA World Cup,Belo Horizonte,Brazil
28/06/2014,Colombia,Uruguay,2,0,FIFA World Cup,Rio de Janeiro,Brazil
29/06/2014,Costa Rica,Greece,1,1,FIFA World Cup,Recife,Brazil
29/06/2014,Netherlands,Mexico,2,1,FIFA World Cup,Fortaleza,Brazil
30/06/2014,France,Nigeria,2,0,FIFA World Cup,Brasília,Brazil
30/06/2014,Germany,Algeria,2,1,FIFA World Cup,Porto Alegre,Brazil
01/07/2014,Argentina,Switzerland,1,0,FIFA World Cup,São Paulo,Brazil
01/07/2014,Belgium,United States,2,1,FIFA World Cup,Salvador,Brazil
04/07/2014,Brazil,Colombia,2,1,FIFA World Cup,Fortaleza,Brazil
04/07/2014,France,Germany,0,1,FIFA World Cup,Rio de Janeiro,Brazil
05/07/2014,Argentina,Belgium,1,0,FIFA World Cup,Brasília,Brazil
05/07/2014,Netherlands,Costa Rica,0,0,FIFA World Cup,Salvador,Brazil
08/07/2014,Brazil,Germany,1,7,FIFA World Cup,Belo Horizonte,Brazil
09/07/2014,Netherlands,Argentina,0,0,FIFA World Cup,São Paulo,Brazil
12/07/2014,Brazil,Netherlands,0,3,FIFA World Cup,Brasília,Brazil
13/07/2014,Germany,Argentina,1,0,FIFA World Cup,Rio de Janeiro,Brazil
10/06/2016,France,Romania,2,1,UEFA Euro,Saint-Denis,France
11/06/2016,Albania,Switzerland,0,1,UEFA Euro,Lens,France
11/06/2016,England,Russia,1,1,UEFA Euro,Marseille,France
11/06/2016,Wales,Slovakia,2,1,UEFA Euro,Bordeaux,France
12/06/2016,Germany,Ukraine,2,0,UEFA Euro,Villeneuve-d'Ascq,France
12/06/2016,Poland,Northern Ireland,1,0,UEFA Euro,Nice,France
12/06/2016,Turkey,Croatia,0,1,UEFA Euro,Paris,France
13/06/2016,Belgium,Italy,0,2,UEFA Euro,Lyon,France
13/06/2016,Republic of Ireland,Sweden,1,1,UEFA Euro,Saint-Denis,France
13/06/2016,Spain,Czech Republic,1,0,UEFA Euro,Toulouse,France
14/06/2016,Austria,Hungary,0,2,UEFA Euro,Bordeaux,France
14/06/2016,Portugal,Iceland,1,1,UEFA Euro,Saint-Étienne,France
15/06/2016,France,Albania,2,0,UEFA Euro,Marseille,France
15/06/2016,Romania,Switzerland,1,1,UEFA Euro,Paris,France
15/06/2016,Russia,Slovakia,1,2,UEFA Euro,Villeneuve-d'Ascq,France
16/06/2016,England,Wales,2,1,UEFA Euro,Lens,France
16/06/2016,Germany,Poland,0,0,UEFA Euro,Saint-Denis,France
16/06/2016,Ukraine,Northern Ireland,0,2,UEFA Euro,Lyon,France
17/06/2016,Czech Republic,Croatia,2,2,UEFA Euro,Saint-Étienne,France
17/06/2016,Italy,Sweden,1,0,UEFA Euro,Toulouse,France
17/06/2016,Spain,Turkey,3,0,UEFA Euro,Nice,France
18/06/2016,Belgium,Republic of Ireland,3,0,UEFA Euro,Bordeaux,France
18/06/2016,Iceland,Hungary,1,1,UEFA Euro,Marseille,France
18/06/2016,Portugal,Austria,0,0,UEFA Euro,Lyon,France
19/06/2016,France,Switzerland,0,0,UEFA Euro,Villeneuve-d'Ascq,France
19/06/2016,Romania,Albania,0,1,UEFA Euro,Lyon,France
20/06/2016,Russia,Wales,0,3,UEFA Euro,Toulouse,France
20/06/2016,Slovakia,England,0,0,UEFA Euro,Saint-Étienne,France
21/06/2016,Croatia,Spain,2,1,UEFA Euro,Bordeaux,France
21/06/2016,Czech Republic,Turkey,0,2,UEFA Euro,Lens,France
21/06/2016,Northern Ireland,Germany,0,1,UEFA Euro,Paris,France
21/06/2016,Ukraine,Poland,0,1,UEFA Euro,Marseille,France
22/06/2016,Hungary,Portugal,3,3,UEFA Euro,Lyon,France
22/06/2016,Iceland,Austria,2,1,UEFA Euro,Saint-Denis,France
22/06/2016,Italy,Republic of Ireland,0,1,UEFA Euro,Villeneuve-d'Ascq,France
22/06/2016,Sweden,Belgium,0,1,UEFA Euro,Nice,France
25/06/2016,Croatia,Portugal,0,1,UEFA Euro,Lens,France
25/06/2016,Switzerland,Poland,1,1,UEFA Euro,Saint-Étienne,France
25/06/2016,Wales,Northern Ireland,1,0,UEFA Euro,Paris,France
26/06/2016,France,Republic of Ireland,2,1,UEFA Euro,Lyon,France
26/06/2016,Germany,Slovakia,3,0,UEFA Euro,Villeneuve-d'Ascq,France
26/06/2016,Hungary,Belgium,0,4,UEFA Euro,Toulouse,France
27/06/2016,England,Iceland,1,2,UEFA Euro,Nice,France
27/06/2016,Italy,Spain,2,0,UEFA Euro,Saint-Denis,France
30/06/2016,Poland,Portugal,1,1,UEFA Euro,Marseille,France
01/07/2016,Wales,Belgium,3,1,UEFA Euro,Villeneuve-d'Ascq,France
02/07/2016,Germany,Italy,1,1,UEFA Euro,Bordeaux,France
03/07/2016,France,Iceland,5,2,UEFA Euro,Saint-Denis,France
06/07/2016,Portugal,Wales,2,0,UEFA Euro,Lyon,France
07/07/2016,France,Germany,2,0,UEFA Euro,Marseille,France
10/07/2016,France,Portugal,0,1,UEFA Euro,Saint-Denis,France
14/06/2018,Russia,Saudi Arabia,5,0,FIFA World Cup,Moscow,Russia
15/06/2018,Egypt,Uruguay,0,1,FIFA World Cup,Ekaterinburg,Russia
15/06/2018,Morocco,Iran,0,1,FIFA World Cup,Saint Petersburg,Russia
15/06/2018,Portugal,Spain,3,3,FIFA World Cup,Sochi,Russia
16/06/2018,France,Australia,2,1,FIFA World Cup,Kazan,Russia
16/06/2018,Argentina,Iceland,1,1,FIFA World Cup,Moscow,Russia
16/06/2018,Peru,Denmark,0,1,FIFA World Cup,Saransk,Russia
16/06/2018,Croatia,Nigeria,2,0,FIFA World Cup,Kaliningrad,Russia
17/06/2018,Costa Rica,Serbia,0,1,FIFA World Cup,Samara,Russia
17/06/2018,Germany,Mexico,0,1,FIFA World Cup,Moscow,Russia
17/06/2018,Brazil,Switzerland,1,1,FIFA World Cup,Rostov-on-Don,Russia
18/06/2018,Sweden,South Korea,1,0,FIFA World Cup,Nizhny Novgorod,Russia
18/06/2018,Belgium,Panama,3,0,FIFA World Cup,Sochi,Russia
18/06/2018,Tunisia,England,1,2,FIFA World Cup,Volgograd,Russia
19/06/2018,Colombia,Japan,1,2,FIFA World Cup,Saransk,Russia
19/06/2018,Poland,Senegal,1,2,FIFA World Cup,Moscow,Russia
19/06/2018,Russia,Egypt,3,1,FIFA World Cup,Saint Petersburg,Russia
20/06/2018,Portugal,Morocco,1,0,FIFA World Cup,Moscow,Russia
20/06/2018,Uruguay,Saudi Arabia,1,0,FIFA World Cup,Rostov-on-Don,Russia
20/06/2018,Iran,Spain,0,1,FIFA World Cup,Kazan,Russia
21/06/2018,Denmark,Australia,1,1,FIFA World Cup,Samara,Russia
21/06/2018,France,Peru,1,0,FIFA World Cup,Ekaterinburg,Russia
21/06/2018,Argentina,Croatia,0,3,FIFA World Cup,Nizhny Novgorod,Russia
22/06/2018,Brazil,Costa Rica,2,0,FIFA World Cup,Saint Petersburg,Russia
22/06/2018,Nigeria,Iceland,2,0,FIFA World Cup,Volgograd,Russia
22/06/2018,Serbia,Switzerland,1,2,FIFA World Cup,Kaliningrad,Russia
23/06/2018,Belgium,Tunisia,5,2,FIFA World Cup,Moscow,Russia
23/06/2018,South Korea,Mexico,1,2,FIFA World Cup,Rostov-on-Don,Russia
23/06/2018,Germany,Sweden,2,1,FIFA World Cup,Sochi,Russia
24/06/2018,England,Panama,6,1,FIFA World Cup,Nizhny Novgorod,Russia
24/06/2018,Japan,Senegal,2,2,FIFA World Cup,Ekaterinburg,Russia
24/06/2018,Poland,Colombia,0,3,FIFA World Cup,Kazan,Russia
25/06/2018,Russia,Uruguay,0,3,FIFA World Cup,Samara,Russia
25/06/2018,Saudi Arabia,Egypt,2,1,FIFA World Cup,Volgograd,Russia
25/06/2018,Spain,Morocco,2,2,FIFA World Cup,Kaliningrad,Russia
25/06/2018,Iran,Portugal,1,1,FIFA World Cup,Saransk,Russia
26/06/2018,Australia,Peru,0,2,FIFA World Cup,Sochi,Russia
26/06/2018,Denmark,France,0,0,FIFA World Cup,Moscow,Russia
26/06/2018,Nigeria,Argentina,1,2,FIFA World Cup,Saint Petersburg,Russia
26/06/2018,Iceland,Croatia,1,2,FIFA World Cup,Rostov-on-Don,Russia
27/06/2018,South Korea,Germany,2,0,FIFA World Cup,Kazan,Russia
27/06/2018,Mexico,Sweden,0,3,FIFA World Cup,Ekaterinburg,Russia
27/06/2018,Serbia,Brazil,0,2,FIFA World Cup,Moscow,Russia
27/06/2018,Switzerland,Costa Rica,2,2,FIFA World Cup,Nizhny Novgorod,Russia
28/06/2018,Japan,Poland,0,1,FIFA World Cup,Volgograd,Russia
28/06/2018,Senegal,Colombia,0,1,FIFA World Cup,Samara,Russia
28/06/2018,Panama,Tunisia,1,2,FIFA World Cup,Saransk,Russia
28/06/2018,England,Belgium,0,1,FIFA World Cup,Kaliningrad,Russia
30/06/2018,France,Argentina,4,3,FIFA World Cup,Kazan,Russia
30/06/2018,Uruguay,Portugal,2,1,FIFA World Cup,Sochi,Russia
01/07/2018,Russia,Spain,1,1,FIFA World Cup,Moscow,Russia
01/07/2018,Croatia,Denmark,1,1,FIFA World Cup,Nizhny Novgorod,Russia
02/07/2018,Brazil,Mexico,2,0,FIFA World Cup,Samara,Russia
02/07/2018,Belgium,Japan,3,2,FIFA World Cup,Rostov-on-Don,Russia
03/07/2018,Sweden,Switzerland,1,0,FIFA World Cup,Saint Petersburg,Russia
03/07/2018,Colombia,England,1,1,FIFA World Cup,Moscow,Russia
06/07/2018,Uruguay,France,0,2,FIFA World Cup,Nizhny Novgorod,Russia
06/07/2018,Brazil,Belgium,1,2,FIFA World Cup,Kazan,Russia
07/07/2018,Sweden,England,0,2,FIFA World Cup,Samara,Russia
07/07/2018,Russia,Croatia,2,2,FIFA World Cup,Sochi,Russia
10/07/2018,France,Belgium,1,0,FIFA World Cup,Saint Petersburg,Russia
11/07/2018,Croatia,England,2,1,FIFA World Cup,Moscow,Russia
14/07/2018,Belgium,England,2,0,FIFA World Cup,Saint Petersburg,Russia
15/07/2018,France,Croatia,4,2,FIFA World Cup,Moscow,Russia
11/06/2021,Italy,Turkey,3,0,UEFA Euro,Rome,Italy
12/06/2021,Wales,Switzerland,1,1,UEFA Euro,Cardiff,Wales
12/06/2021,Denmark,Finland,0,1,UEFA Euro,Copenhagen,Denmark
12/06/2021,Russia,Belgium,0,3,UEFA Euro,Saint Petersburg,Russia
13/06/2021,Austria,North Macedonia,3,1,UEFA Euro,Bucharest,Romania
13/06/2021,Netherlands,Ukraine,3,2,UEFA Euro,Amsterdam,Netherlands
13/06/2021,England,Croatia,1,0,UEFA Euro,London,England
14/06/2021,Scotland,Czech Republic,0,2,UEFA Euro,Glasgow,Scotland
14/06/2021,Poland,Slovakia,1,2,UEFA Euro,Saint Petersburg,Russia
14/06/2021,Spain,Sweden,0,0,UEFA Euro,Seville,Spain
15/06/2021,Hungary,Portugal,0,3,UEFA Euro,Budapest,Hungary
15/06/2021,Germany,France,0,1,UEFA Euro,Munich,Germany
16/06/2021,Turkey,Wales,0,2,UEFA Euro,Baku,Azerbaijan
16/06/2021,Italy,Switzerland,3,0,UEFA Euro,Rome,Italy
16/06/2021,Russia,Finland,1,0,UEFA Euro,Saint Petersburg,Russia
17/06/2021,Denmark,Belgium,1,2,UEFA Euro,Copenhagen,Denmark
17/06/2021,Ukraine,North Macedonia,2,1,UEFA Euro,Bucharest,Romania
17/06/2021,Netherlands,Austria,2,0,UEFA Euro,Amsterdam,Netherlands
18/06/2021,Croatia,Czech Republic,1,1,UEFA Euro,Glasgow,Scotland
18/06/2021,England,Scotland,0,0,UEFA Euro,London,England
18/06/2021,Sweden,Slovakia,1,0,UEFA Euro,Saint Petersburg,Russia
19/06/2021,Spain,Poland,1,1,UEFA Euro,Seville,Spain
19/06/2021,Hungary,France,1,1,UEFA Euro,Budapest,Hungary
19/06/2021,Germany,Portugal,4,2,UEFA Euro,Munich,Germany
20/06/2021,Italy,Wales,1,0,UEFA Euro,Rome,Italy
20/06/2021,Switzerland,Turkey,3,1,UEFA Euro,Baku,Azerbaijan
21/06/2021,Denmark,Russia,4,1,UEFA Euro,Copenhagen,Denmark
21/06/2021,Finland,Belgium,0,2,UEFA Euro,Saint Petersburg,Russia
21/06/2021,Netherlands,North Macedonia,3,0,UEFA Euro,Amsterdam,Netherlands
21/06/2021,Ukraine,Austria,0,1,UEFA Euro,Bucharest,Romania
22/06/2021,Scotland,Croatia,1,3,UEFA Euro,Glasgow,Scotland
22/06/2021,England,Czech Republic,1,0,UEFA Euro,London,England
23/06/2021,Spain,Slovakia,5,0,UEFA Euro,Seville,Spain
23/06/2021,Sweden,Poland,3,2,UEFA Euro,Saint Petersburg,Russia
23/06/2021,Germany,Hungary,2,2,UEFA Euro,Munich,Germany
23/06/2021,Portugal,France,2,2,UEFA Euro,Budapest,Hungary
26/06/2021,Italy,Austria,2,1,UEFA Euro,London,England
26/06/2021,Wales,Denmark,0,4,UEFA Euro,Amsterdam,Netherlands
27/06/2021,Netherlands,Czech Republic,0,2,UEFA Euro,Budapest,Hungary
27/06/2021,Belgium,Portugal,1,0,UEFA Euro,Seville,Spain
28/06/2021,Croatia,Spain,3,5,UEFA Euro,Copenhagen,Denmark
28/06/2021,France,Switzerland,3,3,UEFA Euro,Bucharest,Romania
29/06/2021,England,Germany,2,0,UEFA Euro,London,England
29/06/2021,Sweden,Ukraine,1,2,UEFA Euro,Glasgow,Scotland
02/07/2021,Switzerland,Spain,1,1,UEFA Euro,Saint Petersburg,Russia
02/07/2021,Belgium,Italy,1,2,UEFA Euro,Munich,Germany
03/07/2021,Czech Republic,Denmark,1,2,UEFA Euro,Baku,Azerbaijan
03/07/2021,Ukraine,England,0,4,UEFA Euro,Rome,Italy
06/07/2021,Italy,Spain,1,1,UEFA Euro,London,England
07/07/2021,England,Denmark,2,1,UEFA Euro,London,England
11/07/2021,England,Italy,1,1,UEFA Euro,London,England
20/11/2022,Qatar,Ecuador,0,2,FIFA World Cup,Al Khor,Qatar
21/11/2022,Senegal,Netherlands,0,2,FIFA World Cup,Doha,Qatar
21/11/2022,England,Iran,6,2,FIFA World Cup,Al Rayyan,Qatar
21/11/2022,United States,Wales,1,1,FIFA World Cup,Al Rayyan,Qatar
22/11/2022,Argentina,Saudi Arabia,1,2,FIFA World Cup,Lusail,Qatar
22/11/2022,Mexico,Poland,0,0,FIFA World Cup,Doha,Qatar
22/11/2022,Denmark,Tunisia,0,0,FIFA World Cup,Al Rayyan,Qatar
22/11/2022,France,Australia,4,1,FIFA World Cup,Al Wakrah,Qatar
23/11/2022,Germany,Japan,1,2,FIFA World Cup,Al Rayyan,Qatar
23/11/2022,Spain,Costa Rica,7,0,FIFA World Cup,Doha,Qatar
23/11/2022,Morocco,Croatia,0,0,FIFA World Cup,Al Khor,Qatar
23/11/2022,Belgium,Canada,1,0,FIFA World Cup,Al Rayyan,Qatar
24/11/2022,Switzerland,Cameroon,1,0,FIFA World Cup,Al Wakrah,Qatar
24/11/2022,Brazil,Serbia,2,0,FIFA World Cup,Lusail,Qatar
24/11/2022,Uruguay,South Korea,0,0,FIFA World Cup,Al Rayyan,Qatar
24/11/2022,Portugal,Ghana,3,2,FIFA World Cup,Doha,Qatar
25/11/2022,Qatar,Senegal,1,3,FIFA World Cup,Doha,Qatar
25/11/2022,Netherlands,Ecuador,1,1,FIFA World Cup,Al Rayyan,Qatar
25/11/2022,Wales,Iran,0,2,FIFA World Cup,Al Rayyan,Qatar
25/11/2022,England,United States,0,0,FIFA World Cup,Al Khor,Qatar
26/11/2022,Poland,Saudi Arabia,2,0,FIFA World Cup,Al Rayyan,Qatar
26/11/2022,Argentina,Mexico,2,0,FIFA World Cup,Lusail,Qatar
26/11/2022,Tunisia,Australia,0,1,FIFA World Cup,Al Wakrah,Qatar
26/11/2022,France,Denmark,2,1,FIFA World Cup,Doha,Qatar
27/11/2022,Japan,Costa Rica,0,1,FIFA World Cup,Al Rayyan,Qatar
27/11/2022,Spain,Germany,1,1,FIFA World Cup,Al Khor,Qatar
27/11/2022,Belgium,Morocco,0,2,FIFA World Cup,Doha,Qatar
27/11/2022,Croatia,Canada,4,1,FIFA World Cup,Al Rayyan,Qatar
28/11/2022,Cameroon,Serbia,3,3,FIFA World Cup,Al Wakrah,Qatar
28/11/2022,Brazil,Switzerland,1,0,FIFA World Cup,Doha,Qatar
28/11/2022,South Korea,Ghana,2,3,FIFA World Cup,Al Rayyan,Qatar
28/11/2022,Portugal,Uruguay,2,0,FIFA World Cup,Lusail,Qatar
29/11/2022,Ecuador,Senegal,1,2,FIFA World Cup,Al Rayyan,Qatar
29/11/2022,Qatar,Netherlands,0,2,FIFA World Cup,Al Khor,Qatar
29/11/2022,Wales,England,0,3,FIFA World Cup,Al Rayyan,Qatar
29/11/2022,Iran,United States,0,1,FIFA World Cup,Doha,Qatar
30/11/2022,Poland,Argentina,0,2,FIFA World Cup,Doha,Qatar
30/11/2022,Saudi Arabia,Mexico,1,2,FIFA World Cup,Lusail,Qatar
30/11/2022,Australia,Denmark,1,0,FIFA World Cup,Al Wakrah,Qatar
30/11/2022,Tunisia,France,1,0,FIFA World Cup,Al Rayyan,Qatar
01/12/2022,Japan,Spain,2,1,FIFA World Cup,Al Rayyan,Qatar
01/12/2022,Costa Rica,Germany,2,4,FIFA World Cup,Al Khor,Qatar
01/12/2022,Croatia,Belgium,0,0,FIFA World Cup,Al Rayyan,Qatar
01/12/2022,Canada,Morocco,1,2,FIFA World Cup,Doha,Qatar
02/12/2022,Serbia,Switzerland,2,3,FIFA World Cup,Doha,Qatar
02/12/2022,Cameroon,Brazil,1,0,FIFA World Cup,Lusail,Qatar
02/12/2022,Ghana,Uruguay,0,2,FIFA World Cup,Al Wakrah,Qatar
02/12/2022,South Korea,Portugal,2,1,FIFA World Cup,Al Rayyan,Qatar
03/12/2022,Netherlands,United States,3,1,FIFA World Cup,Al Rayyan,Qatar
03/12/2022,Argentina,Australia,2,1,FIFA World Cup,Al Rayyan,Qatar
04/12/2022,France,Poland,3,1,FIFA World Cup,Doha,Qatar
04/12/2022,England,Senegal,3,0,FIFA World Cup,Al Khor,Qatar
05/12/2022,Japan,Croatia,1,1,FIFA World Cup,Al Wakrah,Qatar
05/12/2022,Brazil,South Korea,4,1,FIFA World Cup,Doha,Qatar
06/12/2022,Morocco,Spain,0,0,FIFA World Cup,Al Rayyan,Qatar
06/12/2022,Portugal,Switzerland,6,1,FIFA World Cup,Lusail,Qatar
09/12/2022,Croatia,Brazil,1,1,FIFA World Cup,Al Rayyan,Qatar
09/12/2022,Netherlands,Argentina,2,2,FIFA World Cup,Lusail,Qatar
10/12/2022,Morocco,Portugal,1,0,FIFA World Cup,Doha,Qatar
10/12/2022,England,France,1,2,FIFA World Cup,Al Khor,Qatar
13/12/2022,Argentina,Croatia,3,0,FIFA World Cup,Lusail,Qatar
14/12/2022,France,Morocco,2,0,FIFA World Cup,Al Khor,Qatar
17/12/2022,Croatia,Morocco,2,1,FIFA World Cup,Al Rayyan,Qatar
18/12/2022,Argentina,France,3,3,FIFA World Cup,Lusail,Qatar
14/06/2024,Germany,Scotland,5,1,UEFA Euro,Munich,Germany
15/06/2024,Hungary,Switzerland,1,3,UEFA Euro,Cologne,Germany
15/06/2024,Spain,Croatia,3,0,UEFA Euro,Berlin,Germany
15/06/2024,Italy,Albania,2,1,UEFA Euro,Dortmund,Germany
16/06/2024,Slovenia,Denmark,1,1,UEFA Euro,Stuttgart,Germany
16/06/2024,Serbia,England,0,1,UEFA Euro,Gelsenkirchen,Germany
16/06/2024,Poland,Netherlands,1,2,UEFA Euro,Hamburg,Germany
17/06/2024,Austria,France,NA,NA,UEFA Euro,Düsseldorf,Germany
17/06/2024,Romania,Ukraine,NA,NA,UEFA Euro,Munich,Germany
17/06/2024,Belgium,Slovakia,NA,NA,UEFA Euro,Frankfurt,Germany
18/06/2024,Turkey,Georgia,NA,NA,UEFA Euro,Dortmund,Germany
18/06/2024,Portugal,Czech Republic,NA,NA,UEFA Euro,Leipzig,Germany
19/06/2024,Germany,Hungary,NA,NA,UEFA Euro,Stuttgart,Germany
19/06/2024,Scotland,Switzerland,NA,NA,UEFA Euro,Cologne,Germany
19/06/2024,Croatia,Albania,NA,NA,UEFA Euro,Hamburg,Germany
20/06/2024,Spain,Italy,NA,NA,UEFA Euro,Gelsenkirchen,Germany
20/06/2024,Slovenia,Serbia,NA,NA,UEFA Euro,Munich,Germany
20/06/2024,Denmark,England,NA,NA,UEFA Euro,Frankfurt,Germany
21/06/2024,Poland,Austria,NA,NA,UEFA Euro,Berlin,Germany
21/06/2024,Netherlands,France,NA,NA,UEFA Euro,Leipzig,Germany
21/06/2024,Slovakia,Ukraine,NA,NA,UEFA Euro,Düsseldorf,Germany
22/06/2024,Belgium,Romania,NA,NA,UEFA Euro,Cologne,Germany
22/06/2024,Georgia,Czech Republic,NA,NA,UEFA Euro,Hamburg,Germany
22/06/2024,Turkey,Portugal,NA,NA,UEFA Euro,Dortmund,Germany
23/06/2024,Germany,Switzerland,NA,NA,UEFA Euro,Frankfurt,Germany
23/06/2024,Scotland,Hungary,NA,NA,UEFA Euro,Stuttgart,Germany
24/06/2024,Albania,Spain,NA,NA,UEFA Euro,Düsseldorf,Germany
24/06/2024,Croatia,Italy,NA,NA,UEFA Euro,Leipzig,Germany
25/06/2024,England,Slovenia,NA,NA,UEFA Euro,Cologne,Germany
25/06/2024,Denmark,Serbia,NA,NA,UEFA Euro,Munich,Germany
25/06/2024,Netherlands,Austria,NA,NA,UEFA Euro,Berlin,Germany
25/06/2024,France,Poland,NA,NA,UEFA Euro,Dortmund,Germany
26/06/2024,Slovakia,Romania,NA,NA,UEFA Euro,Frankfurt,Germany
26/06/2024,Ukraine,Belgium,NA,NA,UEFA Euro,Stuttgart,Germany
26/06/2024,Georgia,Portugal,NA,NA,UEFA Euro,Gelsenkirchen,Germany
26/06/2024,Czech Republic,Turkey,NA,NA,UEFA Euro,Hamburg,Germany
29/06/2024,NA,NA,NA,NA,UEFA Euro,Berlin,Germany
29/06/2024,NA,NA,NA,NA,UEFA Euro,Dortmund,Germany
30/06/2024,NA,NA,NA,NA,UEFA Euro,Gelsenkirchen,Germany
30/06/2024,NA,NA,NA,NA,UEFA Euro,Cologne,Germany
01/07/2024,NA,NA,NA,NA,UEFA Euro,Düsseldorf,Germany
01/07/2024,NA,NA,NA,NA,UEFA Euro,Frankfurt,Germany
02/07/2024,NA,NA,NA,NA,UEFA Euro,Munich,Germany
02/07/2024,NA,NA,NA,NA,UEFA Euro,Leipzig,Germany
05/07/2024,NA,NA,NA,NA,UEFA Euro,Stuttgart,Germany
05/07/2024,NA,NA,NA,NA,UEFA Euro,Hamburg,Germany
06/07/2024,NA,NA,NA,NA,UEFA Euro,Düsseldorf,Germany
06/07/2024,NA,NA,NA,NA,UEFA Euro,Berlin,Germany
09/07/2024,NA,NA,NA,NA,UEFA Euro,Munich,Germany
10/07/2024,NA,NA,NA,NA,UEFA Euro,Dortmund,Germany
14/07/2024,NA,NA,NA,NA,UEFA Euro,Berlin,Germany