name,album,release_date,track_number,id,uri,acousticness,danceability,energy,instrumentalness,liveness,loudness,speechiness,tempo,valence,popularity,duration_ms
Tied Together with a Smile,Taylor Swift,24/10/2006,7,2zzxwmoOBnXDT0KnJsoIWk,spotify:track:2zzxwmoOBnXDT0KnJsoIWk,0.525,0.479,0.578,0,0.0841,-4.963,0.0294,146.165,0.192,53,248106
Invisible,Taylor Swift,24/10/2006,13,1k3PzDNjg38cWqOvL4M9vq,spotify:track:1k3PzDNjg38cWqOvL4M9vq,0.637,0.612,0.394,0,0.147,-5.723,0.0243,96.001,0.233,53,203226
Cold As You,Taylor Swift,24/10/2006,5,569sXXQ7t0jSdqHooi2yqs,spotify:track:569sXXQ7t0jSdqHooi2yqs,0.217,0.418,0.482,0,0.123,-5.769,0.0266,175.558,0.261,55,239013
A Perfectly Good Heart,Taylor Swift,24/10/2006,14,0YgHuReCSPwTXYny7isLja,spotify:track:0YgHuReCSPwTXYny7isLja,0.00349,0.483,0.751,0,0.128,-5.726,0.0365,156.092,0.268,52,220146
Teardrops On My Guitar - Radio Single Remix,Taylor Swift,24/10/2006,3,2TF4UtYreqNbQ6Z9AccldU,spotify:track:2TF4UtYreqNbQ6Z9AccldU,0.288,0.621,0.417,0,0.119,-6.941,0.0231,99.953,0.289,63,203040
Mary's Song (Oh My My My),Taylor Swift,24/10/2006,10,2O8sogKJCfVZ4rotBv1vVF,spotify:track:2O8sogKJCfVZ4rotBv1vVF,0.0177,0.403,0.627,0,0.182,-5.28,0.0292,74.9,0.374,55,213080
Tim McGraw,Taylor Swift,24/10/2006,1,2Fn01AIMyHbha2ceNQeOqw,spotify:track:2Fn01AIMyHbha2ceNQeOqw,0.575,0.58,0.491,0,0.121,-6.462,0.0251,76.009,0.425,55,232106
A Place in this World,Taylor Swift,24/10/2006,4,1oR4MUBpyNrAViC8wPNpfm,spotify:track:1oR4MUBpyNrAViC8wPNpfm,0.051,0.576,0.777,0,0.32,-2.881,0.0324,115.028,0.428,55,199200
Should've Said No,Taylor Swift,24/10/2006,9,6CdaXOq1MWe2JHDalTG01d,spotify:track:6CdaXOq1MWe2JHDalTG01d,0.0103,0.476,0.777,0,0.196,-3.771,0.0289,167.964,0.472,60,242200
Teardrops on My Guitar - Pop Version,Taylor Swift,24/10/2006,15,1hxLyjC9D9Jpw6EAPKqWv4,spotify:track:1hxLyjC9D9Jpw6EAPKqWv4,0.0402,0.459,0.753,0,0.0863,-3.827,0.0537,199.997,0.483,55,179066
Stay Beautiful,Taylor Swift,24/10/2006,8,41sjzdjScVwnxnxADElts6,spotify:track:41sjzdjScVwnxnxADElts6,0.0868,0.594,0.629,0,0.137,-4.919,0.0246,131.597,0.504,53,236053
I'm Only Me When I'm With You,Taylor Swift,24/10/2006,12,7CzxXgQXurKZCyHz9ufbo1,spotify:track:7CzxXgQXurKZCyHz9ufbo1,0.00452,0.563,0.934,0.000807,0.103,-3.629,0.0646,143.964,0.518,55,213053
Our Song,Taylor Swift,24/10/2006,11,1j6gmK6u4WNI33lMZ8dC1s,spotify:track:1j6gmK6u4WNI33lMZ8dC1s,0.111,0.668,0.672,0,0.329,-4.931,0.0303,89.011,0.539,65,201106
The Outside,Taylor Swift,24/10/2006,6,5Tj2MqcFMf60CaGsKbM1aq,spotify:track:5Tj2MqcFMf60CaGsKbM1aq,0.00491,0.589,0.805,0,0.24,-4.055,0.0293,112.982,0.591,54,207106
Picture To Burn,Taylor Swift,24/10/2006,2,4BYejINgfZF0qKDMEH2cim,spotify:track:4BYejINgfZF0qKDMEH2cim,0.173,0.658,0.877,0,0.0962,-2.098,0.0323,105.586,0.821,60,173066
We Were Happy (Taylor’s Version) (From The Vault),Fearless (Taylor's Version),11/11/2008,23,34V9RiEPe8MNdU32qJsJa1,spotify:track:34V9RiEPe8MNdU32qJsJa1,0.849,0.609,0.373,0,0.0779,-8.819,0.0263,106.007,0.13,61,244236
Come In With The Rain (Taylor’s Version),Fearless (Taylor's Version),11/11/2008,17,1n2wszmJyVkw6FHqyLnQsY,spotify:track:1n2wszmJyVkw6FHqyLnQsY,0.0406,0.476,0.564,0,0.102,-5.677,0.0269,143.929,0.167,59,237338
Superstar (Taylor’s Version),Fearless (Taylor's Version),11/11/2008,18,51A8eKvvZz9uydvIZ7xRSV,spotify:track:51A8eKvvZz9uydvIZ7xRSV,0.157,0.454,0.555,0,0.343,-6.69,0.0283,171.862,0.171,58,263865
Untouchable (Taylor’s Version),Fearless (Taylor's Version),11/11/2008,15,0tQ9vBYpldCuikPsbgOVKA,spotify:track:0tQ9vBYpldCuikPsbgOVKA,0.0181,0.393,0.531,0,0.169,-6.112,0.0329,200.391,0.224,63,312107
You’re Not Sorry (Taylor’s Version),Fearless (Taylor's Version),11/11/2008,9,6iiAfo4wTA2CVC3Uwx9uh8,spotify:track:6iiAfo4wTA2CVC3Uwx9uh8,0.0538,0.506,0.444,0,0.123,-4.99,0.0285,133.873,0.241,64,261842
Forever & Always (Piano Version) (Taylor’s Version),Fearless (Taylor's Version),11/11/2008,16,01QdEx6kFr78ZejhQtWR5m,spotify:track:01QdEx6kFr78ZejhQtWR5m,0.819,0.546,0.273,0,0.137,-9.208,0.0308,118.753,0.271,61,267833
Fifteen (Taylor’s Version),Fearless (Taylor's Version),11/11/2008,2,2nqio0SfWg6gh2eCtfuMa5,spotify:track:2nqio0SfWg6gh2eCtfuMa5,0.116,0.559,0.646,0,0.32,-4.61,0.0272,95.466,0.289,66,294419
Breathe (feat. Colbie Caillat) (Taylor’s Version),Fearless (Taylor's Version),11/11/2008,7,7HC7R2D8WjXVcUHJyEGjRs,spotify:track:7HC7R2D8WjXVcUHJyEGjRs,0.156,0.506,0.626,0,0.228,-6.066,0.0287,148.035,0.321,63,263377
Today Was A Fairytale (Taylor’s Version),Fearless (Taylor's Version),11/11/2008,20,2JoJrsEV15OzbijS47lids,spotify:track:2JoJrsEV15OzbijS47lids,0.0135,0.482,0.779,0,0.296,-5.025,0.0409,158.162,0.328,62,241822
Change (Taylor’s Version),Fearless (Taylor's Version),11/11/2008,13,3ExweHKZF9B752DPQByRVT,spotify:track:3ExweHKZF9B752DPQByRVT,0.000191,0.499,0.815,0,0.181,-4.063,0.0341,95.999,0.344,60,279359
White Horse (Taylor’s Version),Fearless (Taylor's Version),11/11/2008,5,5YL553x8sHderRBDlm3NM3,spotify:track:5YL553x8sHderRBDlm3NM3,0.369,0.423,0.517,0,0.177,-7.377,0.0486,185.262,0.366,68,234515
Don’t You (Taylor’s Version) (From The Vault),Fearless (Taylor's Version),11/11/2008,25,4uuEGH5SVuzkkSFjo2DEiY,spotify:track:4uuEGH5SVuzkkSFjo2DEiY,0.514,0.563,0.473,1.20E-05,0.109,-11.548,0.0503,101.934,0.405,63,208608
Love Story (Taylor’s Version),Fearless (Taylor's Version),11/11/2008,3,6YvqWjhGD8mB5QXcbcUKtx,spotify:track:6YvqWjhGD8mB5QXcbcUKtx,0.13,0.627,0.792,3.97E-06,0.0845,-4.311,0.031,119.054,0.415,78,235766
Fearless (Taylor’s Version),Fearless (Taylor's Version),11/11/2008,1,77sMIMlNaSURUAXq5coCxE,spotify:track:77sMIMlNaSURUAXq5coCxE,0.0122,0.569,0.741,0,0.333,-4.963,0.0282,100.118,0.43,79,241591
You All Over Me (feat. Maren Morris) (Taylor’s Version) (From The Vault),Fearless (Taylor's Version),11/11/2008,21,4CHpVfAhuxNJ3ibExe6kxO,spotify:track:4CHpVfAhuxNJ3ibExe6kxO,0.816,0.599,0.494,0,0.101,-7.61,0.0372,142.893,0.44,59,220839
The Best Day (Taylor’s Version),Fearless (Taylor's Version),11/11/2008,12,6ON9UuIq49xXY9GPmHIYRp,spotify:track:6ON9UuIq49xXY9GPmHIYRp,0.488,0.642,0.576,0,0.159,-8.524,0.0282,125,0.469,62,245290
The Way I Loved You (Taylor’s Version),Fearless (Taylor's Version),11/11/2008,10,22bPsP2jCgbLUvh82U0Z3M,spotify:track:22bPsP2jCgbLUvh82U0Z3M,0.0033,0.402,0.732,0,0.108,-4.665,0.0484,161.032,0.472,76,243136
You Belong With Me (Taylor’s Version),Fearless (Taylor's Version),11/11/2008,6,1qrpoAMXodY6895hGKoUpA,spotify:track:1qrpoAMXodY6895hGKoUpA,0.0623,0.632,0.773,0,0.0885,-4.856,0.0346,130.033,0.474,82,231124
That’s When (feat. Keith Urban) (Taylor’s Version) (From The Vault),Fearless (Taylor's Version),11/11/2008,24,7eResoqEJJAVTkQYSqvO3P,spotify:track:7eResoqEJJAVTkQYSqvO3P,0.225,0.588,0.608,0,0.092,-7.062,0.0365,90.201,0.508,63,189495
Bye Bye Baby (Taylor’s Version) (From The Vault),Fearless (Taylor's Version),11/11/2008,26,4qUijfYU8EoIWiY6oSyrgT,spotify:track:4qUijfYU8EoIWiY6oSyrgT,0.334,0.624,0.624,0,0.0995,-7.86,0.0539,80.132,0.527,61,242157
Tell Me Why (Taylor’s Version),Fearless (Taylor's Version),11/11/2008,8,0k0vFacOHNuArLWMiH60p7,spotify:track:0k0vFacOHNuArLWMiH60p7,0.0222,0.578,0.909,0,0.333,-3.669,0.0628,100.023,0.541,62,200575
Jump Then Fall (Taylor’s Version),Fearless (Taylor's Version),11/11/2008,14,2m3ObD945KvpE5y9A1eUWm,spotify:track:2m3ObD945KvpE5y9A1eUWm,0.0474,0.572,0.69,0,0.0897,-6.201,0.0358,160.111,0.624,62,237580
The Other Side Of The Door (Taylor’s Version),Fearless (Taylor's Version),11/11/2008,19,1cSFlSBdpT4F5vb1frQ231,spotify:track:1cSFlSBdpT4F5vb1frQ231,0.0279,0.432,0.873,0,0.167,-4.367,0.0577,163.936,0.629,64,238443
Forever & Always (Taylor’s Version),Fearless (Taylor's Version),11/11/2008,11,1msEuwSBneBKpVCZQcFTsU,spotify:track:1msEuwSBneBKpVCZQcFTsU,0.0231,0.598,0.821,0,0.143,-4.433,0.0447,128.03,0.673,67,225328
Mr. Perfectly Fine (Taylor’s Version) (From The Vault),Fearless (Taylor's Version),11/11/2008,22,2CYVETnhM9aytqrazYYwrK,spotify:track:2CYVETnhM9aytqrazYYwrK,0.162,0.66,0.817,0,0.0667,-6.269,0.0521,135.942,0.714,70,277591
Hey Stephen (Taylor’s Version),Fearless (Taylor's Version),11/11/2008,4,550erGcdD9n6PnwxrvYqZT,spotify:track:550erGcdD9n6PnwxrvYqZT,0.106,0.788,0.571,0,0.0934,-6.135,0.0296,115.99,0.797,65,254254
Long Live (Taylor's Version),Speak Now (Taylor's Version),25/10/2010,14,4hqJ4bSlYJOXb6Z4SRmzxs,spotify:track:4hqJ4bSlYJOXb6Z4SRmzxs,0.0162,0.38,0.628,0,0.227,-4.054,0.038,203.826,0.0984,74,317960
Dear John (Taylor's Version),Speak Now (Taylor's Version),25/10/2010,5,1zU8j1x3yi9xalMF96pzKp,spotify:track:1zU8j1x3yi9xalMF96pzKp,0.0327,0.379,0.468,0,0.158,-5.07,0.0298,119.447,0.115,69,405906
Innocent (Taylor's Version),Speak Now (Taylor's Version),25/10/2010,11,12nBPF4Rh4XLFJV0YLN7uj,spotify:track:12nBPF4Rh4XLFJV0YLN7uj,0.0972,0.524,0.611,0,0.127,-5.298,0.0297,133.583,0.126,63,301221
Last Kiss (Taylor's Version),Speak Now (Taylor's Version),25/10/2010,13,59KOoHFcw5XfICnO57holu,spotify:track:59KOoHFcw5XfICnO57holu,0.443,0.557,0.362,3.57E-06,0.1,-8.641,0.0263,79.573,0.187,69,369120
Enchanted (Taylor's Version),Speak Now (Taylor's Version),25/10/2010,9,3sW3oSbzsfecv9XoUdGs7h,spotify:track:3sW3oSbzsfecv9XoUdGs7h,0.016,0.52,0.553,0,0.165,-3.546,0.0269,81.949,0.227,80,353253
When Emma Falls in Love (Taylor’s Version) (From The Vault),Speak Now (Taylor's Version),25/10/2010,18,0zo975x58DlXbZllWvfYhg,spotify:track:0zo975x58DlXbZllWvfYhg,0.168,0.524,0.759,0,0.104,-4.714,0.0471,77.879,0.234,66,252385
Back To December (Taylor's Version),Speak Now (Taylor's Version),25/10/2010,3,79uDOz0zuuWS7HWxzMmTa2,spotify:track:79uDOz0zuuWS7HWxzMmTa2,0.00705,0.486,0.635,0,0.119,-3.994,0.0278,141.868,0.235,74,294189
Electric Touch (feat. Fall Out Boy) (Taylor’s Version) (From The Vault),Speak Now (Taylor's Version),25/10/2010,17,4e3ZNTAV6PCrdYMUrUlMpQ,spotify:track:4e3ZNTAV6PCrdYMUrUlMpQ,0.018,0.547,0.854,0,0.156,-4.753,0.0526,131.068,0.26,68,266466
Ours (Taylor’s Version),Speak Now (Taylor's Version),25/10/2010,15,3yNJkriPzWjkkDAWHIAVUq,spotify:track:3yNJkriPzWjkkDAWHIAVUq,0.42,0.539,0.475,0,0.109,-8.411,0.0287,159.824,0.293,66,235803
Superman (Taylor’s Version),Speak Now (Taylor's Version),25/10/2010,16,4evLyY5Ue1Wesc61t2KXAU,spotify:track:4evLyY5Ue1Wesc61t2KXAU,0.00207,0.537,0.733,0,0.11,-3.506,0.0302,131.898,0.347,62,274945
Castles Crumbling (feat. Hayley Williams) (Taylor’s Version) (From The Vault),Speak Now (Taylor's Version),25/10/2010,20,4ABYxlb92WBIjHu7TIKmml,spotify:track:4ABYxlb92WBIjHu7TIKmml,0.342,0.578,0.565,0,0.0662,-8.064,0.0441,147.781,0.351,67,306062
Sparks Fly (Taylor’s Version),Speak Now (Taylor's Version),25/10/2010,2,3MytWN8L7shNYzGl4tAKRp,spotify:track:3MytWN8L7shNYzGl4tAKRp,0.0241,0.605,0.769,0,0.0936,-2.413,0.032,114.921,0.366,72,261230
Haunted (Taylor's Version),Speak Now (Taylor's Version),25/10/2010,12,4tMzIAFTFdqGBQLdfbPces,spotify:track:4tMzIAFTFdqGBQLdfbPces,0.00552,0.44,0.916,0,0.252,-1.927,0.0629,162.025,0.371,68,245413
Mine (Taylor's Version),Speak Now (Taylor's Version),25/10/2010,1,7G0gBu6nLdhFDPRLc0HdDG,spotify:track:7G0gBu6nLdhFDPRLc0HdDG,0.00314,0.647,0.793,1.93E-06,0.174,-2.903,0.0363,121.101,0.5,75,231706
The Story Of Us (Taylor's Version),Speak Now (Taylor's Version),25/10/2010,7,6dTA6y0C2ReQklntzZl8l3,spotify:track:6dTA6y0C2ReQklntzZl8l3,0.00136,0.516,0.784,0,0.0499,-2.636,0.0563,139.787,0.552,70,267653
Foolish One (Taylor’s Version) (From The Vault),Speak Now (Taylor's Version),25/10/2010,21,4s8BIKx4Zh6ryAEz8RTlaU,spotify:track:4s8BIKx4Zh6ryAEz8RTlaU,0.599,0.672,0.613,0,0.112,-4.709,0.0298,97.041,0.557,69,311765
Never Grow Up (Taylor's Version),Speak Now (Taylor's Version),25/10/2010,8,2EFZ9emtKWEglWUQGEQ3P9,spotify:track:2EFZ9emtKWEglWUQGEQ3P9,0.867,0.684,0.339,0,0.194,-7.259,0.029,125.054,0.572,65,292920
Mean (Taylor's Version),Speak Now (Taylor's Version),25/10/2010,6,30Y4CV7A6YqtQtTTo7Ue4j,spotify:track:30Y4CV7A6YqtQtTTo7Ue4j,0.321,0.526,0.7,0,0.213,-3.95,0.0392,163.949,0.596,69,238693
Speak Now (Taylor's Version),Speak Now (Taylor's Version),25/10/2010,4,5xXqyjLicvEpch72qEryFT,spotify:track:5xXqyjLicvEpch72qEryFT,0.225,0.734,0.686,0,0.136,-2.926,0.0349,119.002,0.598,69,242473
Timeless (Taylor’s Version) (From The Vault),Speak Now (Taylor's Version),25/10/2010,22,1HCdems7PQZRj42QDWLA0A,spotify:track:1HCdems7PQZRj42QDWLA0A,0.332,0.629,0.578,0,0.0868,-5.806,0.0319,142.887,0.651,68,321396
Better Than Revenge (Taylor's Version),Speak Now (Taylor's Version),25/10/2010,10,0NwGC0v03ysCYINtg6ns58,spotify:track:0NwGC0v03ysCYINtg6ns58,0.000795,0.505,0.893,0,0.178,-3.013,0.0771,145.913,0.659,71,220306
I Can See You (Taylor’s Version) (From The Vault),Speak Now (Taylor's Version),25/10/2010,19,5kHMfzgLZP95O9NBy0ku4v,spotify:track:5kHMfzgLZP95O9NBy0ku4v,0.0577,0.695,0.768,0,0.0426,-4.883,0.0344,123.054,0.813,75,273186
State Of Grace (Acoustic Version) (Taylor's Version),Red (Taylor's Version),22/10/2012,20,5jAIouBES8LWMiriuNq170,spotify:track:5jAIouBES8LWMiriuNq170,0.663,0.445,0.131,1.57E-06,0.108,-13.778,0.0564,208.918,0.101,60,321640
All Too Well (Taylor's Version),Red (Taylor's Version),22/10/2012,5,3nsfB1vus2qaloUdcBZvDu,spotify:track:3nsfB1vus2qaloUdcBZvDu,0.0171,0.44,0.528,0.00203,0.234,-7.809,0.0317,185.972,0.132,72,329160
The Last Time (feat. Gary Lightbody of Snow Patrol) (Taylor’s Version),Red (Taylor's Version),22/10/2012,10,0y6kdSRCVQhSsHSpWvTUm7,spotify:track:0y6kdSRCVQhSsHSpWvTUm7,0.0399,0.502,0.534,0,0.0977,-5.954,0.0278,94.05,0.155,67,299080
All Too Well (10 Minute Version) (Taylor's Version) (From The Vault),Red (Taylor's Version),22/10/2012,30,5enxwA8aAbwZbf5qCHORXi,spotify:track:5enxwA8aAbwZbf5qCHORXi,0.274,0.631,0.518,0,0.088,-8.771,0.0303,93.023,0.205,81,613026
The Moment I Knew (Taylor's Version),Red (Taylor's Version),22/10/2012,17,0NRHj8hDwwmSPaA41o379r,spotify:track:0NRHj8hDwwmSPaA41o379r,0.0494,0.636,0.402,0,0.107,-7.855,0.031,125.952,0.208,63,285280
Sad Beautiful Tragic (Taylor's Version),Red (Taylor's Version),22/10/2012,12,73qMN9bXy7MSPwwGfH3wQr,spotify:track:73qMN9bXy7MSPwwGfH3wQr,0.622,0.601,0.406,9.19E-05,0.133,-11.827,0.0275,130.059,0.232,65,284773
I Almost Do (Taylor's Version),Red (Taylor's Version),22/10/2012,7,2r9CbjYgFhtAmcFv1cSquB,spotify:track:2r9CbjYgFhtAmcFv1cSquB,0.0167,0.511,0.559,0,0.113,-6.587,0.0264,145.88,0.248,64,244586
Better Man (Taylor's Version) (From The Vault),Red (Taylor's Version),22/10/2012,22,4OmFmE0fzcMG6g0Y8p4eSD,spotify:track:4OmFmE0fzcMG6g0Y8p4eSD,0.214,0.473,0.579,0,0.0877,-5.824,0.0384,73.942,0.255,67,297013
Begin Again (Taylor's Version),Red (Taylor's Version),22/10/2012,16,05GsNucq8Bngd9fnd4fRa0,spotify:track:05GsNucq8Bngd9fnd4fRa0,0.075,0.519,0.527,0,0.132,-7.673,0.0274,78.915,0.267,66,238866
Treacherous (Taylor's Version),Red (Taylor's Version),22/10/2012,3,3S7HNKPakdwNEBFIVTL6dZ,spotify:track:3S7HNKPakdwNEBFIVTL6dZ,0.0344,0.645,0.593,0.000127,0.13,-6.506,0.0288,109.984,0.299,65,242720
State Of Grace (Taylor's Version),Red (Taylor's Version),22/10/2012,1,6lzc0Al0zfZOIFsFvBS1ki,spotify:track:6lzc0Al0zfZOIFsFvBS1ki,0.000328,0.594,0.713,0,0.114,-5.314,0.0503,129.958,0.328,65,295413
Ronan (Taylor's Version),Red (Taylor's Version),22/10/2012,21,7nWui6jiMM2m9qFmET1Mtj,spotify:track:7nWui6jiMM2m9qFmET1Mtj,0.661,0.623,0.279,0,0.193,-10.802,0.031,116.04,0.38,58,264253
Come Back...Be Here (Taylor's Version),Red (Taylor's Version),22/10/2012,18,4pNApnaUWAL2J4KO2eqokq,spotify:track:4pNApnaUWAL2J4KO2eqokq,0.0158,0.46,0.632,0,0.0822,-6.031,0.0302,79.846,0.399,66,223333
Red (Taylor's Version),Red (Taylor's Version),22/10/2012,2,4OAuvHryIVv4kMDNSLuPt6,spotify:track:4OAuvHryIVv4kMDNSLuPt6,0.00108,0.516,0.777,1.62E-06,0.0761,-4.908,0.0375,125.047,0.408,74,223093
Forever Winter (Taylor's Version) (From The Vault),Red (Taylor's Version),22/10/2012,27,3oGVx9RBmiYGv5ZCecWLkx,spotify:track:3oGVx9RBmiYGv5ZCecWLkx,0.256,0.611,0.552,0,0.134,-5.828,0.031,116.012,0.41,63,263533
Run (feat. Ed Sheeran) (Taylor’s Version) (From The Vault),Red (Taylor's Version),22/10/2012,28,4IQkfUsrwXol38VV3U7t7T,spotify:track:4IQkfUsrwXol38VV3U7t7T,0.817,0.61,0.488,0,0.312,-6.918,0.0293,125.039,0.443,64,240226
Nothing New (feat. Phoebe Bridgers) (Taylor’s Version) (From The Vault),Red (Taylor's Version),22/10/2012,23,01K4zKU104LyJ8gMb7227B,spotify:track:01K4zKU104LyJ8gMb7227B,0.817,0.606,0.377,0,0.154,-9.455,0.0275,101.96,0.446,71,258812
I Bet You Think About Me (feat. Chris Stapleton) (Taylor’s Version) (From The Vault),Red (Taylor's Version),22/10/2012,26,4CkgMiMqZ5JzW9iYXSTMTL,spotify:track:4CkgMiMqZ5JzW9iYXSTMTL,0.167,0.391,0.715,0,0.183,-4.516,0.0495,149.654,0.473,70,285106
Everything Has Changed (feat. Ed Sheeran) (Taylor’s Version),Red (Taylor's Version),22/10/2012,14,7qEUFOVcxRI19tbT68JcYK,spotify:track:7qEUFOVcxRI19tbT68JcYK,0.271,0.498,0.61,0,0.223,-5.098,0.0363,79.918,0.474,70,245426
Message In A Bottle (Taylor's Version) (From The Vault),Red (Taylor's Version),22/10/2012,25,3z6XUommYDWPHeFhmhhT6j,spotify:track:3z6XUommYDWPHeFhmhhT6j,0.00188,0.622,0.791,3.72E-06,0.083,-6.106,0.0535,115.915,0.494,69,225960
Holy Ground (Taylor's Version),Red (Taylor's Version),22/10/2012,11,7J4b3LVCIGO4CMBDFLPoP6,spotify:track:7J4b3LVCIGO4CMBDFLPoP6,0.0288,0.622,0.809,0.00218,0.109,-5.623,0.0638,156.894,0.511,64,202960
The Lucky One (Taylor's Version),Red (Taylor's Version),22/10/2012,13,4e5ayHsOLJNLTGfjau2mEw,spotify:track:4e5ayHsOLJNLTGfjau2mEw,0.066,0.686,0.571,0,0.0608,-7.138,0.05,117.889,0.538,63,240466
The Very First Night (Taylor's Version) (From The Vault),Red (Taylor's Version),22/10/2012,29,6pYNq0ZwpPVazKzsqpf0G8,spotify:track:6pYNq0ZwpPVazKzsqpf0G8,0.00115,0.678,0.733,0,0.104,-5.025,0.0281,121.009,0.581,69,200280
Starlight (Taylor's Version),Red (Taylor's Version),22/10/2012,15,7A2cNLRT0YJc1yjxHlKihs,spotify:track:7A2cNLRT0YJc1yjxHlKihs,0.00324,0.628,0.685,0,0.18,-5.864,0.0358,126.014,0.605,63,220413
Girl At Home (Taylor's Version),Red (Taylor's Version),22/10/2012,19,0DMVrlMUn01M0IcpDbwgu7,spotify:track:0DMVrlMUn01M0IcpDbwgu7,0.00955,0.691,0.736,1.88E-05,0.101,-6.974,0.0326,125.089,0.612,61,220520
22 (Taylor's Version),Red (Taylor's Version),22/10/2012,6,3yII7UwgLF6K5zW3xad3MP,spotify:track:3yII7UwgLF6K5zW3xad3MP,0.000443,0.642,0.695,1.02E-05,0.0753,-5.62,0.0281,103.984,0.642,76,230960
Stay Stay Stay (Taylor's Version),Red (Taylor's Version),22/10/2012,9,7eQj6r5PIdYKEIZjucBMcq,spotify:track:7eQj6r5PIdYKEIZjucBMcq,0.0848,0.693,0.681,0,0.0768,-7.039,0.025,100.02,0.663,64,205786
We Are Never Ever Getting Back Together (Taylor's Version),Red (Taylor's Version),22/10/2012,8,5YqltLsjdqFtvqE7Nrysvs,spotify:track:5YqltLsjdqFtvqE7Nrysvs,0.0317,0.567,0.686,1.86E-06,0.0732,-6.139,0.175,172.014,0.716,77,193146
Babe (Taylor's Version) (From The Vault),Red (Taylor's Version),22/10/2012,24,0v4z1tuZvn6LGknom9Qx7d,spotify:track:0v4z1tuZvn6LGknom9Qx7d,0.0538,0.584,0.743,2.83E-06,0.121,-7.075,0.0931,167.844,0.746,67,224240
I Knew You Were Trouble (Taylor's Version),Red (Taylor's Version),22/10/2012,4,6AtZLIzUINvExIUy4QhdjP,spotify:track:6AtZLIzUINvExIUy4QhdjP,0.0129,0.584,0.557,0,0.0576,-6.371,0.0342,154.008,0.767,76,219760
This Love (Taylor’s Version),1989 (Taylor's Version),01/01/2014,11,5QVVjX0ZItqlVpEuVCM9Yg,spotify:track:5QVVjX0ZItqlVpEuVCM9Yg,0.302,0.47,0.494,0,0.0672,-8.672,0.0349,144.039,0.0524,69,250100
Now That We Don't Talk (Taylor's Version) (From The Vault),1989 (Taylor's Version),01/01/2014,19,5KD6AEm19QnMbfWpfoOHMl,spotify:track:5KD6AEm19QnMbfWpfoOHMl,0.16,0.8,0.509,3.05E-05,0.0834,-9.386,0.034,109.994,0.0768,78,146436
Is It Over Now? (Taylor's Version) (From The Vault),1989 (Taylor's Version),01/01/2014,21,1Iq8oo9XkmmvCQiGOfORiz,spotify:track:1Iq8oo9XkmmvCQiGOfORiz,0.0486,0.599,0.651,0,0.126,-7.343,0.035,100.001,0.153,81,229477
Out Of The Woods (Taylor's Version),1989 (Taylor's Version),01/01/2014,4,045ZeOHPIzhxxsm8bq5kyE,spotify:track:045ZeOHPIzhxxsm8bq5kyE,0.000466,0.544,0.884,0.000134,0.381,-5.973,0.0383,91.981,0.184,74,235800
Say Don't Go (Taylor's Version) (From The Vault),1989 (Taylor's Version),01/01/2014,18,4NioO5R9sHEZh4cGzMHyNt,spotify:track:4NioO5R9sHEZh4cGzMHyNt,0.0684,0.632,0.539,5.82E-06,0.132,-8.375,0.0342,109.962,0.186,75,279833
Clean (Taylor's Version),1989 (Taylor's Version),01/01/2014,13,2ByBBvpR9b7IynvRmnG7kG,spotify:track:2ByBBvpR9b7IynvRmnG7kG,0.297,0.782,0.379,2.98E-05,0.103,-8.964,0.0303,103.99,0.267,71,271000
Style (Taylor's Version),1989 (Taylor's Version),01/01/2014,3,1hjRhYpWyqDpPahmSlUTlc,spotify:track:1hjRhYpWyqDpPahmSlUTlc,0.000456,0.514,0.821,0.0232,0.0946,-4.803,0.0444,94.884,0.298,80,231000
"""Slut!"" (Taylor's Version) (From The Vault)",1989 (Taylor's Version),01/01/2014,17,71BqAINEnezjQfxE4VuJfq,spotify:track:71BqAINEnezjQfxE4VuJfq,0.33,0.621,0.415,0.000112,0.0634,-13.187,0.0543,77.978,0.313,79,180381
Wonderland (Taylor's Version),1989 (Taylor's Version),01/01/2014,14,2ve0kuaWUCt4Zx8x4bf1MR,spotify:track:2ve0kuaWUCt4Zx8x4bf1MR,0.0105,0.387,0.703,1.10E-05,0.128,-5.956,0.0545,123.18,0.32,68,245566
Bad Blood (Taylor's Version),1989 (Taylor's Version),01/01/2014,8,64FzgoLZ3oXu2SriZblHic,spotify:track:64FzgoLZ3oXu2SriZblHic,0.0369,0.624,0.711,3.13E-06,0.19,-6.347,0.159,169.999,0.347,72,211103
Suburban Legends (Taylor's Version) (From The Vault),1989 (Taylor's Version),01/01/2014,20,6T0sEnqjmHISIKwFETeeiP,spotify:track:6T0sEnqjmHISIKwFETeeiP,0.212,0.695,0.607,0,0.102,-8.84,0.0357,118.043,0.394,69,171818
You Are In Love (Taylor's Version),1989 (Taylor's Version),01/01/2014,15,4UwqOWDpdeIDVQDuKT6iza,spotify:track:4UwqOWDpdeIDVQDuKT6iza,0.572,0.554,0.509,2.08E-06,0.113,-9.403,0.0455,85.079,0.401,69,267389
How You Get The Girl (Taylor's Version),1989 (Taylor's Version),01/01/2014,10,75W3SngKzTuoQ94uLf3y82,spotify:track:75W3SngKzTuoQ94uLf3y82,0.00198,0.761,0.67,1.08E-05,0.0873,-5.956,0.0537,120.014,0.519,68,247533
I Wish You Would (Taylor's Version),1989 (Taylor's Version),01/01/2014,7,43y1WpBdnEy5TR9aZoSQL9,spotify:track:43y1WpBdnEy5TR9aZoSQL9,0.00388,0.671,0.853,9.48E-06,0.0812,-6.568,0.0417,118.032,0.523,69,207650
Wildest Dreams (Taylor's Version),1989 (Taylor's Version),01/01/2014,9,1K39ty6o1sHwwlZwO6a7wK,spotify:track:1K39ty6o1sHwwlZwO6a7wK,0.0348,0.587,0.663,9.95E-05,0.0971,-7.439,0.0598,139.993,0.539,78,220433
All You Had To Do Was Stay (Taylor's Version),1989 (Taylor's Version),01/01/2014,5,6GXgd1BPD9bUpqw5AntGV5,spotify:track:6GXgd1BPD9bUpqw5AntGV5,0.000778,0.589,0.713,0,0.188,-5.614,0.0308,97.069,0.54,70,193289
I Know Places (Taylor's Version),1989 (Taylor's Version),01/01/2014,12,2f0GI2ZLUtbGqFx8t2Gk6A,spotify:track:2f0GI2ZLUtbGqFx8t2Gk6A,0.0846,0.572,0.807,0,0.071,-5.348,0.0574,160.015,0.626,67,195700
Welcome To New York (Taylor's Version),1989 (Taylor's Version),01/01/2014,1,1hR8BSuEqPCCZfv93zzzz9,spotify:track:1hR8BSuEqPCCZfv93zzzz9,0.00661,0.76,0.602,0.000133,0.325,-4.871,0.0316,116.989,0.685,72,212600
Blank Space (Taylor's Version),1989 (Taylor's Version),01/01/2014,2,45wMBGri1PORPjM9PwFfrS,spotify:track:45wMBGri1PORPjM9PwFfrS,0.0901,0.732,0.719,0,0.331,-5.469,0.0645,96.035,0.71,79,231833
New Romantics (Taylor's Version),1989 (Taylor's Version),01/01/2014,16,2vPMoMDXxu9uX1igWZmXSG,spotify:track:2vPMoMDXxu9uX1igWZmXSG,0.00516,0.653,0.848,4.24E-06,0.0798,-5.936,0.0583,122.017,0.724,74,230177
Shake It Off (Taylor's Version),1989 (Taylor's Version),01/01/2014,6,3pv7Q5v2dpdefwdWIvE7yH,spotify:track:3pv7Q5v2dpdefwdWIvE7yH,0.0112,0.632,0.805,2.51E-05,0.156,-5.707,0.069,160.052,0.903,76,219209
Delicate,reputation,10/11/2017,5,6NFyWDv5CjfwuzoCkw47Xf,spotify:track:6NFyWDv5CjfwuzoCkw47Xf,0.216,0.75,0.404,0.000357,0.0911,-10.178,0.0682,95.045,0.0499,81,232253
Dress,reputation,10/11/2017,12,6oVxXO5oQ4pTpO8RSnkzvv,spotify:track:6oVxXO5oQ4pTpO8RSnkzvv,0.0329,0.719,0.469,0,0.169,-8.792,0.0533,120.085,0.0851,76,230373
End Game,reputation,10/11/2017,2,2x0WlnmfG39ZuDmstl9xfX,spotify:track:2x0WlnmfG39ZuDmstl9xfX,0.00845,0.649,0.589,0,0.108,-6.237,0.0558,159.073,0.151,75,244826
Don’t Blame Me,reputation,10/11/2017,4,1R0a2iXumgCiFb7HEZ7gUE,spotify:track:1R0a2iXumgCiFb7HEZ7gUE,0.106,0.615,0.534,1.76E-05,0.0607,-6.719,0.0386,135.917,0.193,85,236413
New Year’s Day,reputation,10/11/2017,15,7F5oktn5YOsR9eR5YsFtqb,spotify:track:7F5oktn5YOsR9eR5YsFtqb,0.921,0.661,0.151,0,0.13,-12.864,0.0354,94.922,0.23,70,235466
Call It What You Want,reputation,10/11/2017,14,1GwMQaZz6Au3QLDbjbMdme,spotify:track:1GwMQaZz6Au3QLDbjbMdme,0.186,0.598,0.504,0.000221,0.34,-9.874,0.0731,163.954,0.252,75,203506
Dancing With Our Hands Tied,reputation,10/11/2017,11,7I7JbDv63ZJJsSi24DyJrz,spotify:track:7I7JbDv63ZJJsSi24DyJrz,0.0604,0.624,0.691,1.10E-05,0.138,-6.686,0.196,160.024,0.284,72,211506
I Did Something Bad,reputation,10/11/2017,3,4svZDCRz4cJoneBpjpx8DJ,spotify:track:4svZDCRz4cJoneBpjpx8DJ,0.0679,0.696,0.602,2.11E-05,0.0696,-6.156,0.159,82.989,0.305,75,238253
King Of My Heart,reputation,10/11/2017,10,7HuBDWi18s4aJM8UFnNheH,spotify:track:7HuBDWi18s4aJM8UFnNheH,0.00882,0.675,0.703,2.21E-06,0.0391,-7.902,0.0382,110.01,0.314,72,214320
Getaway Car,reputation,10/11/2017,9,0VE4kBnHJUgtMf0dy6DRmW,spotify:track:0VE4kBnHJUgtMf0dy6DRmW,0.00465,0.562,0.689,2.23E-06,0.0888,-6.745,0.127,172.054,0.351,79,233626
So It Goes...,reputation,10/11/2017,7,5PxFv9yJEg9dxvbZggykro,spotify:track:5PxFv9yJEg9dxvbZggykro,0.122,0.574,0.61,1.10E-06,0.13,-7.283,0.0732,74.957,0.374,69,227906
...Ready For It?,reputation,10/11/2017,1,2yLa0QULdQr0qAIvVwN6B5,spotify:track:2yLa0QULdQr0qAIvVwN6B5,0.0527,0.613,0.764,0,0.197,-6.509,0.136,160.015,0.417,82,208186
This Is Why We Can't Have Nice Things,reputation,10/11/2017,13,07NxDD1iKCHbAldceD7QLP,spotify:track:07NxDD1iKCHbAldceD7QLP,0.0156,0.567,0.789,0,0.382,-5.986,0.115,163.96,0.438,70,207133
Gorgeous,reputation,10/11/2017,8,1ZY1PqizIl78geGM4xWlEA,spotify:track:1ZY1PqizIl78geGM4xWlEA,0.0713,0.8,0.535,9.48E-06,0.213,-6.684,0.135,92.027,0.451,77,209680
Look What You Made Me Do,reputation,10/11/2017,6,1P17dC1amhFzptugyAO7Il,spotify:track:1P17dC1amhFzptugyAO7Il,0.204,0.766,0.709,1.41E-05,0.126,-6.471,0.123,128.07,0.506,81,211853
The Archer,Lover,23/08/2019,5,3pHkh7d0lzM2AldUtz2x37,spotify:track:3pHkh7d0lzM2AldUtz2x37,0.12,0.292,0.574,0.00569,0.0663,-9.375,0.0401,124.344,0.166,77,211240
Cornelia Street,Lover,23/08/2019,9,12M5uqx0ZuwkpLp5rJim1a,spotify:track:12M5uqx0ZuwkpLp5rJim1a,0.781,0.824,0.624,0.000189,0.1,-9.728,0.0827,102.012,0.248,74,287266
Daylight,Lover,23/08/2019,18,1fzAuUVbzlhZ1lJAx9PtY6,spotify:track:1fzAuUVbzlhZ1lJAx9PtY6,0.808,0.557,0.496,0.000173,0.0772,-9.602,0.0563,149.983,0.265,79,293453
Death By A Thousand Cuts,Lover,23/08/2019,10,2dgFqt3w9xIQRjhPtwNk3D,spotify:track:2dgFqt3w9xIQRjhPtwNk3D,0.454,0.712,0.732,0,0.319,-6.754,0.0629,94.071,0.313,72,198533
False God,Lover,23/08/2019,13,5hQSXkFgbxjZo9uCwd11so,spotify:track:5hQSXkFgbxjZo9uCwd11so,0.736,0.739,0.32,0.000147,0.111,-10.862,0.239,79.97,0.351,73,200306
Afterglow,Lover,23/08/2019,15,1SymEzIT3H8UZfibCs3TYi,spotify:track:1SymEzIT3H8UZfibCs3TYi,0.13,0.756,0.449,0,0.114,-8.746,0.0344,111.011,0.399,75,223293
I Think He Knows,Lover,23/08/2019,6,2YWtcWi3a83pdEg3Gif4Pd,spotify:track:2YWtcWi3a83pdEg3Gif4Pd,0.00889,0.897,0.366,0.000353,0.0715,-8.029,0.0569,100.003,0.416,72,173386
Soon You’ll Get Better (feat. The Chicks),Lover,23/08/2019,12,4AYtqFyFbX0Xkc2wtcygTr,spotify:track:4AYtqFyFbX0Xkc2wtcygTr,0.907,0.433,0.182,0,0.123,-12.566,0.0641,207.476,0.421,66,201586
Lover,Lover,23/08/2019,3,1dGr1c8CrMLDpV6mPbImSI,spotify:track:1dGr1c8CrMLDpV6mPbImSI,0.492,0.359,0.543,1.58E-05,0.118,-7.582,0.0919,68.534,0.453,87,221306
Miss Americana & The Heartbreak Prince,Lover,23/08/2019,7,214nt20w5wOxJnY462klLw,spotify:track:214nt20w5wOxJnY462klLw,0.028,0.662,0.747,0.00615,0.138,-6.926,0.0736,150.088,0.487,79,234146
I Forgot That You Existed,Lover,23/08/2019,1,43rA71bccXFGD4C8GOpIlN,spotify:track:43rA71bccXFGD4C8GOpIlN,0.298,0.664,0.316,2.03E-06,0.0812,-10.345,0.519,92.875,0.541,72,170640
It’s Nice To Have A Friend,Lover,23/08/2019,17,1SmiQ65iSAbPto6gPFlBYm,spotify:track:1SmiQ65iSAbPto6gPFlBYm,0.971,0.737,0.175,0.000337,0.171,-9.912,0.0401,70.008,0.545,66,150440
London Boy,Lover,23/08/2019,11,1LLXZFeAHK9R4xUramtUKw,spotify:track:1LLXZFeAHK9R4xUramtUKw,0.0246,0.695,0.71,0.000104,0.133,-6.639,0.05,157.925,0.557,74,190240
Cruel Summer,Lover,23/08/2019,2,1BxfuPKGuaTgP7aM0Bbdwr,spotify:track:1BxfuPKGuaTgP7aM0Bbdwr,0.117,0.552,0.702,2.06E-05,0.105,-5.707,0.157,169.994,0.564,94,178426
The Man,Lover,23/08/2019,4,3RauEVgRgj1IuWdJ9fDs70,spotify:track:3RauEVgRgj1IuWdJ9fDs70,0.0767,0.777,0.658,0,0.0901,-5.191,0.054,110.048,0.633,82,190360
You Need To Calm Down,Lover,23/08/2019,14,6RRNNciQGZEXnqk8SQ9yv5,spotify:track:6RRNNciQGZEXnqk8SQ9yv5,0.00929,0.771,0.671,0,0.0637,-5.617,0.0553,85.026,0.714,81,171360
ME! (feat. Brendon Urie of Panic! At The Disco),Lover,23/08/2019,16,2Rk4JlNc2TPmZe2af99d45,spotify:track:2Rk4JlNc2TPmZe2af99d45,0.033,0.61,0.83,0,0.118,-4.105,0.0571,182.162,0.728,76,193000
Paper Rings,Lover,23/08/2019,8,4y5bvROuBDPr5fuwXbIBZR,spotify:track:4y5bvROuBDPr5fuwXbIBZR,0.0129,0.811,0.719,1.36E-05,0.0742,-6.553,0.0497,103.979,0.865,79,222400
epiphany,folklore,24/07/2020,13,08fa9LFcFBTcilB3iq2e2A,spotify:track:08fa9LFcFBTcilB3iq2e2A,0.731,0.175,0.267,0.000402,0.0858,-13.69,0.0302,94.203,0.106,64,289749
my tears ricochet,folklore,24/07/2020,5,1MgV7FIyNxIG7WzMRJV5HC,spotify:track:1MgV7FIyNxIG7WzMRJV5HC,0.806,0.469,0.263,0,0.0749,-10.63,0.0329,129.86,0.112,78,255893
exile (feat. Bon Iver),folklore,24/07/2020,4,4pvb0WLRcMtbPGmtejJJ6y,spotify:track:4pvb0WLRcMtbPGmtejJJ6y,0.778,0.298,0.38,5.62E-05,0.11,-8.426,0.0287,75.602,0.152,77,285634
the 1,folklore,24/07/2020,1,0Jlcvv8IykzHaSmj49uNW8,spotify:track:0Jlcvv8IykzHaSmj49uNW8,0.757,0.777,0.357,7.28E-06,0.108,-6.942,0.0522,139.884,0.172,75,210251
peace,folklore,24/07/2020,15,7MbT4I8qGntX4fMdqMQgke,spotify:track:7MbT4I8qGntX4fMdqMQgke,0.918,0.647,0.272,1.73E-05,0.0918,-12.906,0.0916,150.044,0.339,66,234000
mirrorball,folklore,24/07/2020,6,0ZNU020wNYvgW84iljPkPP,spotify:track:0ZNU020wNYvgW84iljPkPP,0.687,0.553,0.413,2.33E-06,0.0594,-10.037,0.0334,110.107,0.379,74,208977
august,folklore,24/07/2020,8,3hUxzQpSfdDqwM3ZTFQY0K,spotify:track:3hUxzQpSfdDqwM3ZTFQY0K,0.538,0.532,0.623,7.28E-05,0.0925,-9.208,0.0331,89.937,0.403,85,261922
this is me trying,folklore,24/07/2020,9,7kt9e9LFSpN1zQtYEl19o1,spotify:track:7kt9e9LFSpN1zQtYEl19o1,0.314,0.515,0.476,4.74E-05,0.171,-9.843,0.0328,135.886,0.412,74,195097
seven,folklore,24/07/2020,7,6KJqZcs9XDgVck7Lg9QOTC,spotify:track:6KJqZcs9XDgVck7Lg9QOTC,0.9,0.596,0.488,2.70E-05,0.091,-10.769,0.0274,94.922,0.415,70,208906
hoax,folklore,24/07/2020,16,6MWoRt97mnSTXZhu3ggi9C,spotify:track:6MWoRt97mnSTXZhu3ggi9C,0.966,0.662,0.181,3.86E-06,0.133,-15.065,0.0415,118.819,0.429,65,220042
invisible string,folklore,24/07/2020,11,6VsvKPJ4xjVNKpI8VVZ3SV,spotify:track:6VsvKPJ4xjVNKpI8VVZ3SV,0.838,0.653,0.452,7.73E-05,0.108,-11.143,0.055,83.433,0.45,73,252880
illicit affairs,folklore,24/07/2020,10,2NmsngXHeC1GQ9wWrzhOMf,spotify:track:2NmsngXHeC1GQ9wWrzhOMf,0.881,0.559,0.31,0,0.106,-10.445,0.0338,119.845,0.46,77,190898
betty,folklore,24/07/2020,14,5kI4eCXXzyuIUXjQra0Cxi,spotify:track:5kI4eCXXzyuIUXjQra0Cxi,0.6,0.593,0.377,0,0.0976,-8.761,0.0253,95.939,0.502,73,294521
mad woman,folklore,24/07/2020,12,2QDyYdZyhlP2fp79KZX8Bi,spotify:track:2QDyYdZyhlP2fp79KZX8Bi,0.655,0.592,0.699,1.68E-05,0.114,-8.995,0.0471,141.916,0.506,65,237258
cardigan,folklore,24/07/2020,2,4R2kfaDFhslZEMJqAFNpdd,spotify:track:4R2kfaDFhslZEMJqAFNpdd,0.537,0.613,0.581,0.000345,0.25,-8.588,0.0424,130.033,0.551,85,239560
the last great american dynasty,folklore,24/07/2020,3,2Eeur20xVqfUoM3Q7EFPFt,spotify:track:2Eeur20xVqfUoM3Q7EFPFt,0.467,0.686,0.662,0.0023,0.109,-8.505,0.0413,147.922,0.706,71,230999
happiness,evermore,11/12/2020,7,73YUReisjb3A9ActdLLjJQ,spotify:track:73YUReisjb3A9ActdLLjJQ,0.87,0.559,0.334,0,0.114,-10.733,0.0376,122.079,0.211,64,315146
tolerate it,evermore,11/12/2020,5,0PurA4JVJ8YQgSVopY8fn6,spotify:track:0PurA4JVJ8YQgSVopY8fn6,0.878,0.316,0.361,2.67E-05,0.0797,-10.381,0.0488,74.952,0.221,73,245440
marjorie,evermore,11/12/2020,13,12ntTeqEeTg7GAVpe8Mhpl,spotify:track:12ntTeqEeTg7GAVpe8Mhpl,0.876,0.535,0.561,0.000136,0.115,-11.609,0.0484,96.103,0.287,70,257773
coney island (feat. The National),evermore,11/12/2020,9,3k7ne7VmH43ZPWxPdvPUgR,spotify:track:3k7ne7VmH43ZPWxPdvPUgR,0.819,0.537,0.537,0.000904,0.142,-11.266,0.0617,107.895,0.292,61,275320
champagne problems,evermore,11/12/2020,2,0sY6ZUTh4yoctD8VIXz339,spotify:track:0sY6ZUTh4yoctD8VIXz339,0.92,0.462,0.24,0,0.113,-12.077,0.0377,171.319,0.32,77,244000
evermore (feat. Bon Iver),evermore,11/12/2020,15,3O5osWf1rSoKMwe6E9ZaXP,spotify:track:3O5osWf1rSoKMwe6E9ZaXP,0.937,0.39,0.27,0.00227,0.111,-10.673,0.0308,125.177,0.32,63,304106
‘tis the damn season,evermore,11/12/2020,4,7dW84mWkdWE5a6lFWxJCBG,spotify:track:7dW84mWkdWE5a6lFWxJCBG,0.735,0.575,0.434,6.59E-05,0.105,-8.193,0.0312,145.916,0.348,66,229840
gold rush,evermore,11/12/2020,3,5BK0uqwY9DNfZ630STAEaq,spotify:track:5BK0uqwY9DNfZ630STAEaq,0.83,0.512,0.462,0.166,0.121,-10.491,0.0408,112.05,0.353,67,185320
dorothea,evermore,11/12/2020,8,670fUmXf4KQekzbEgaXyPA,spotify:track:670fUmXf4KQekzbEgaXyPA,0.696,0.605,0.488,0,0.129,-8.322,0.0264,119.966,0.354,62,225880
cowboy like me,evermore,11/12/2020,11,1XjHRolIXL2M1EEOUsGGR4,spotify:track:1XjHRolIXL2M1EEOUsGGR4,0.768,0.604,0.517,0.000155,0.123,-9.014,0.0347,127.967,0.511,66,275040
willow,evermore,11/12/2020,1,0lx2cLdOt3piJbcaXIV74f,spotify:track:0lx2cLdOt3piJbcaXIV74f,0.833,0.392,0.574,0.00179,0.145,-9.195,0.17,81.112,0.529,78,214706
"no body, no crime (feat. HAIM)",evermore,11/12/2020,6,3RaT22zZsxVYxxKR7TAaYF,spotify:track:3RaT22zZsxVYxxKR7TAaYF,0.418,0.546,0.613,0,0.103,-7.589,0.0264,79.015,0.535,66,215626
ivy,evermore,11/12/2020,10,19CSr8rwW05VJL2F91KFNK,spotify:track:19CSr8rwW05VJL2F91KFNK,0.855,0.515,0.545,1.97E-05,0.0921,-9.277,0.0353,88.856,0.535,66,260440
long story short,evermore,11/12/2020,12,2o2sgVJIgFXk8GQjWTgI6U,spotify:track:2o2sgVJIgFXk8GQjWTgI6U,0.66,0.546,0.73,0.179,0.0972,-7.704,0.0417,157.895,0.573,62,215920
closure,evermore,11/12/2020,14,35rdVq36LMHQX0Suw9a6tK,spotify:track:35rdVq36LMHQX0Suw9a6tK,0.835,0.689,0.704,4.83E-06,0.134,-10.813,0.245,151.884,0.92,59,180653
Maroon,Midnights,21/10/2022,2,3eX0NZfLtGzoLUxPNvRfqm,spotify:track:3eX0NZfLtGzoLUxPNvRfqm,0.0634,0.655,0.384,1.45E-06,0.0973,-8.29,0.0349,108.058,0.0384,72,218270
Lavender Haze,Midnights,21/10/2022,1,5jQI2r1RdgtuT8S3iG8zFC,spotify:track:5jQI2r1RdgtuT8S3iG8zFC,0.23,0.735,0.449,0.00126,0.132,-10.56,0.0883,97.05,0.0955,78,202395
Question...?,Midnights,21/10/2022,7,0heeNYlwOGuUSe7TgUD27B,spotify:track:0heeNYlwOGuUSe7TgUD27B,0.206,0.654,0.51,0,0.249,-8.767,0.242,108.874,0.105,67,210556
Karma,Midnights,21/10/2022,11,7KokYm8cMIXCsGVmUvKtqf,spotify:track:7KokYm8cMIXCsGVmUvKtqf,0.062,0.64,0.619,0,0.475,-7.108,0.065,90.008,0.121,81,204852
Labyrinth,Midnights,21/10/2022,10,0A1JLUlkZkp2EFrosoNQi0,spotify:track:0A1JLUlkZkp2EFrosoNQi0,0.797,0.48,0.295,0.333,0.12,-15.512,0.0384,110.018,0.132,70,247962
Mastermind,Midnights,21/10/2022,13,7FmYn9e7KHMXcxqGSj9LjH,spotify:track:7FmYn9e7KHMXcxqGSj9LjH,0.565,0.66,0.343,0.00134,0.0922,-14.132,0.14,125.96,0.137,72,191039
Snow On The Beach (feat. Lana Del Rey),Midnights,21/10/2022,4,1wtOxkiel43cVs0Yux5Q4h,spotify:track:1wtOxkiel43cVs0Yux5Q4h,0.701,0.663,0.321,0.000598,0.107,-13.527,0.0409,110.021,0.153,70,256124
Vigilante Shit,Midnights,21/10/2022,8,1xwAWUI6Dj0WGC3KiUPN0O,spotify:track:1xwAWUI6Dj0WGC3KiUPN0O,0.166,0.872,0.267,2.18E-05,0.123,-10.764,0.387,79.964,0.168,74,164801
Midnight Rain,Midnights,21/10/2022,6,3rWDp9tBPQR9z6U5YyRSK4,spotify:track:3rWDp9tBPQR9z6U5YyRSK4,0.71,0.604,0.375,5.87E-05,0.116,-11.637,0.0633,137.651,0.203,78,174782
"You're On Your Own, Kid",Midnights,21/10/2022,5,4D7BCuvgdJlYvlX5WlN54t,spotify:track:4D7BCuvgdJlYvlX5WlN54t,0.447,0.696,0.39,1.55E-05,0.125,-10.331,0.0616,120.032,0.395,78,194206
Sweet Nothing,Midnights,21/10/2022,12,0wavGRldH0AWyu2zvTz8zb,spotify:track:0wavGRldH0AWyu2zvTz8zb,0.968,0.336,0.161,0.00011,0.115,-14.973,0.0456,176.48,0.407,69,188496
Bejeweled,Midnights,21/10/2022,9,3qoftcUZaUOncvIYjFSPdE,spotify:track:3qoftcUZaUOncvIYjFSPdE,0.0593,0.687,0.551,0.000143,0.09,-9.202,0.0787,163.994,0.443,77,194165
Anti-Hero,Midnights,21/10/2022,3,0V3wPSX9ygBnCm8psDIegu,spotify:track:0V3wPSX9ygBnCm8psDIegu,0.121,0.633,0.648,2.62E-06,0.161,-6.645,0.062,96.888,0.49,85,200690
Down Bad,THE TORTURED POETS DEPARTMENT,18/04/2024,4,2F3N9tdombb64aW6VtZOdo,spotify:track:2F3N9tdombb64aW6VtZOdo,0.56,0.541,0.366,1.00E-06,0.0946,-10.412,0.0748,159.707,0.168,87,261228
loml,THE TORTURED POETS DEPARTMENT,18/04/2024,12,6RSG1dKPV5gEvILwJb4QtS,spotify:track:6RSG1dKPV5gEvILwJb4QtS,0.858,0.423,0.272,0,0.108,-12.56,0.0489,78.539,0.195,79,277156
Clara Bow,THE TORTURED POETS DEPARTMENT,18/04/2024,16,1UlhrRvYzbHEyugEDspXUB,spotify:track:1UlhrRvYzbHEyugEDspXUB,0.636,0.686,0.318,0.00144,0.106,-11.046,0.0263,104.088,0.214,74,216662
I Can Do It With a Broken Heart,THE TORTURED POETS DEPARTMENT,18/04/2024,13,4q5YezDOIPcoLr8R81x9qy,spotify:track:4q5YezDOIPcoLr8R81x9qy,0.123,0.701,0.751,0,0.15,-8.39,0.0502,129.994,0.22,90,218004
Who’s Afraid of Little Old Me?,THE TORTURED POETS DEPARTMENT,18/04/2024,10,36t6frENUtCYKuZus6aYDO,spotify:track:36t6frENUtCYKuZus6aYDO,0.315,0.606,0.338,0,0.106,-10.555,0.048,119.88,0.238,83,334084
"So Long, London",THE TORTURED POETS DEPARTMENT,18/04/2024,5,3Vevii7qKqrmW8CcyzBHDl,spotify:track:3Vevii7qKqrmW8CcyzBHDl,0.73,0.423,0.533,0.00264,0.0816,-11.388,0.322,160.218,0.248,84,262974
The Smallest Man Who Ever Lived,THE TORTURED POETS DEPARTMENT,18/04/2024,14,2v1ivOOsgn64g5OywuH55L,spotify:track:2v1ivOOsgn64g5OywuH55L,0.52,0.426,0.41,0,0.338,-9.083,0.0581,142.377,0.263,78,245541
Fortnight (feat. Post Malone),THE TORTURED POETS DEPARTMENT,18/04/2024,1,2OzhQlSqBEmt7hmkYxfT6m,spotify:track:2OzhQlSqBEmt7hmkYxfT6m,0.502,0.504,0.386,1.53E-05,0.0961,-10.976,0.0308,192.004,0.281,95,228965
The Tortured Poets Department,THE TORTURED POETS DEPARTMENT,18/04/2024,2,3NMrVbIVWT3fPXBj0rNDKG,spotify:track:3NMrVbIVWT3fPXBj0rNDKG,0.0483,0.604,0.428,0,0.126,-8.441,0.0255,110.259,0.292,82,293048
I Can Fix Him (No Really I Can),THE TORTURED POETS DEPARTMENT,18/04/2024,11,2h3MDMf8sd9s4XIzpTBIjX,spotify:track:2h3MDMf8sd9s4XIzpTBIjX,0.768,0.661,0.257,1.72E-06,0.176,-13.961,0.045,106.896,0.318,76,156297
Fresh Out The Slammer,THE TORTURED POETS DEPARTMENT,18/04/2024,7,3fO566xJgwxIa3qGCGBvIC,spotify:track:3fO566xJgwxIa3qGCGBvIC,0.624,0.33,0.483,0,0.111,-9.394,0.0399,87.115,0.34,77,210789
The Alchemy,THE TORTURED POETS DEPARTMENT,18/04/2024,15,1dhMTsEZz6ZEquGvmzVoHn,spotify:track:1dhMTsEZz6ZEquGvmzVoHn,0.422,0.64,0.421,0,0.103,-8.802,0.0273,100.056,0.353,78,196900
Florida!!! (feat. Florence + The Machine),THE TORTURED POETS DEPARTMENT,18/04/2024,8,3ZVFcD8Wlw9T9klGqmJf9F,spotify:track:3ZVFcD8Wlw9T9klGqmJf9F,0.178,0.533,0.573,0,0.309,-7.123,0.138,150.088,0.398,82,215463
But Daddy I Love Him,THE TORTURED POETS DEPARTMENT,18/04/2024,6,5og4Qzt92jJzVDkOtSEilb,spotify:track:5og4Qzt92jJzVDkOtSEilb,0.384,0.521,0.72,0,0.135,-7.684,0.104,79.943,0.438,82,340428
My Boy Only Breaks His Favorite Toys,THE TORTURED POETS DEPARTMENT,18/04/2024,3,2XXwLdtuAcE0HSCu61ijAb,spotify:track:2XXwLdtuAcE0HSCu61ijAb,0.137,0.596,0.563,0,0.302,-7.362,0.0269,97.073,0.481,82,203801
Guilty as Sin?,THE TORTURED POETS DEPARTMENT,18/04/2024,9,0W0iAC1VGlB82PI6elxFYf,spotify:track:0W0iAC1VGlB82PI6elxFYf,0.607,0.626,0.428,0,0.0921,-8.374,0.0261,94.95,0.487,83,254365